id,url,filename,depth
1,https://www.universityofcalifornia.edu/,0001.html,0
2,https://www.berkeley.edu/,0002.html,0
3,https://www.ucdavis.edu/,0003.html,0
4,https://www.uci.edu/,0004.html,0
5,https://www.ucla.edu/,0005.html,0
6,https://www.ucmerced.edu/,0006.html,0
7,https://www.ucr.edu/,0007.html,0
8,https://ucsd.edu/,0008.html,0
9,https://www.ucsb.edu/,0009.html,0
10,https://www.ucsc.edu/,0010.html,0
11,https://www.ucsf.edu/,0011.html,0
12,https://www.universityofcalifornia.edu/campuses-locations,0012.html,1
13,https://www.universityofcalifornia.edu/campuses-locations/find-your-place-uc,0013.html,1
14,https://www.universityofcalifornia.edu/student-success,0014.html,1
15,https://www.universityofcalifornia.edu/student-success/firstgen,0015.html,1
16,https://www.universityofcalifornia.edu/student-success/graduate-students,0016.html,1
17,https://www.universityofcalifornia.edu/student-success/transfer-students,0017.html,1
18,https://www.universityofcalifornia.edu/student-success/undergraduate-research,0018.html,1
19,https://www.universityofcalifornia.edu/student-success/undocumented-students,0019.html,1
20,https://www.universityofcalifornia.edu/student-success/alumni-outcomes,0020.html,1
21,https://www.universityofcalifornia.edu/student-success/health-and-well-being,0021.html,1
22,https://www.universityofcalifornia.edu/impact,0022.html,1
23,https://www.universityofcalifornia.edu/about-us,0023.html,1
24,https://www.universityofcalifornia.edu/about-us/leadership,0024.html,1
25,https://www.universityofcalifornia.edu/about-us/information-center,0025.html,1
26,https://www.universityofcalifornia.edu/about-us/sustainability,0026.html,1
27,https://www.universityofcalifornia.edu/advocate,0027.html,1
28,https://www.universityofcalifornia.edu/advocate/stand-up-for-uc,0028.html,1
29,https://www.universityofcalifornia.edu/advocate/speak-up-for-science,0029.html,1
30,https://www.universityofcalifornia.edu/advocate/uc-votes,0030.html,1
31,https://www.universityofcalifornia.edu/federal-updates,0031.html,1
32,https://admission.universityofcalifornia.edu/,0032.html,1
33,https://www.universityofcalifornia.edu/alumni,0033.html,1
34,https://jobs.universityofcalifornia.edu/,0034.html,1
35,https://www.universityofcalifornia.edu/news,0035.html,1
36,https://www.universityofcalifornia.edu/get-involved/stand-up-for-uc,0036.html,1
37,https://www.universityofcalifornia.edu/get-involved/speak-up-for-science?utm_source=ucwebsite&utm_medium=homepage&utm_campaign=speakupforscience,0037.html,1
38,https://www.universityofcalifornia.edu/news/novel-gene-therapy-trial-sickle-cell-disease-launches,0038.html,1
39,https://earthquakes.berkeley.edu/research/eew_basics.html,0039.html,1
40,https://www.llnl.gov/news/highlights/el-capitan-high-performance-computing ,0040.html,1
41,https://www.universityofcalifornia.edu/news/baby-born-22-weeks-gestation-saved-sacramento-firefighters-and-uc-davis-health,0041.html,1
42,https://www.universityofcalifornia.edu/news/new-treatment-can-adjust-parkinsons-symptoms-real-time,0042.html,1
43,https://www.universityofcalifornia.edu/news/what-cuts-nih-funding-mean-cancer-patients-and-their-families,0043.html,1
44,https://www.universityofcalifornia.edu/news/uc-davis-releases-5-strawberry-varieties-resistant-deadly-fungal-disease,0044.html,1
45,https://www.universityofcalifornia.edu/news/uc-cooperative-extension-advisors-organize-educational-event-north-san-joaquin-valley-new-pest,0045.html,1
46,https://www.universityofcalifornia.edu/news/your-bird-flu-questions-answered,0046.html,1
47,https://uci.edu/,0047.html,1
48,https://health.universityofcalifornia.edu/,0048.html,1
49,https://health.ucdavis.edu/welcome,0049.html,1
50,https://health.ucsd.edu/,0050.html,1
51,https://www.ucihealth.org/,0051.html,1
52,https://www.uclahealth.org/,0052.html,1
53,https://www.ucrhealth.org/,0053.html,1
54,https://www.ucsfhealth.org/,0054.html,1
55,https://www.lbl.gov/,0055.html,1
56,https://www.llnl.gov/,0056.html,1
57,https://www.lanl.gov/,0057.html,1
58,https://ucanr.edu/,0058.html,1
59,https://ucanr.edu/About/Locations,0059.html,1
60,https://recs.ucanr.edu/,0060.html,1
61,https://ucanr.edu/search/all?keys&f%5B0%5D=search_type%3Ageneric&f%5B1%5D=site_type%3A5545031,0061.html,1
62,https://cosmos-ucop.ucdavis.edu/app/main,0062.html,1
63,https://mesa.ucop.edu/,0063.html,1
64,https://cdlib.org/,0064.html,1
65,https://calisphere.org/,0065.html,1
66,https://cdlib.org/services/pad/escholarship,0066.html,1
67,https://libraries.universityofcalifornia.edu/,0067.html,1
68,https://www.ucpress.edu/,0068.html,1
69,https://uccs.ucdavis.edu/,0069.html,1
70,https://uceap.universityofcalifornia.edu/,0070.html,1
71,https://uclawsf.edu/,0071.html,1
72,https://ucnrs.org/,0072.html,1
73,https://ucop.edu/,0073.html,1
74,https://www.ucdc.edu/,0074.html,1
75,https://www.universityofcalifornia.edu/get-involved,0075.html,1
76,https://www.universityofcalifornia.edu/press-room,0076.html,1
77,https://www.universityofcalifornia.edu/contact-us,0077.html,1
78,https://www.ucop.edu/,0078.html,1
79,https://senate.universityofcalifornia.edu/,0079.html,1
80,https://regents.universityofcalifornia.edu/,0080.html,1
81,https://ucnet.universityofcalifornia.edu/,0081.html,1
82,https://www.universityofcalifornia.edu/accessibility,0082.html,1
83,https://www.ucop.edu/terms/index.html,0083.html,1
84,https://www.ucop.edu/privacy-statement/index.html,0084.html,1
85,https://www.facebook.com/universityofcalifornia,0085.html,1
86,https://twitter.com/UofCalifornia,0086.html,1
87,https://www.instagram.com/uofcalifornia,0087.html,1
88,https://www.tiktok.com/@universityofcalifornia,0088.html,1
89,https://www.youtube.com/uofcalifornia,0089.html,1
90,https://www.berkeley.edu/students,0090.html,1
91,https://www.berkeley.edu/faculty-staff,0091.html,1
92,https://calparents.berkeley.edu/,0092.html,1
93,https://my.berkeley.edu/,0093.html,1
94,https://give.berkeley.edu/,0094.html,1
95,https://www.berkeley.edu/map,0095.html,1
96,https://www.berkeley.edu/directory,0096.html,1
97,https://bconnected.berkeley.edu/,0097.html,1
98,https://news.berkeley.edu/,0098.html,1
99,https://www.berkeley.edu/about,0099.html,1
100,https://www.berkeley.edu/about/by-the-numbers,0100.html,1
101,https://www.berkeley.edu/about/history-discoveries,0101.html,1
102,https://www.berkeley.edu/about/traditions,0102.html,1
103,https://www.berkeley.edu/about/experience-berkeley,0103.html,1
104,https://visit.berkeley.edu/,0104.html,1
105,https://www.berkeley.edu/about/leadership,0105.html,1
106,https://www.berkeley.edu/admissions,0106.html,1
107,https://admissions.berkeley.edu/,0107.html,1
108,https://grad.berkeley.edu/admissions,0108.html,1
109,https://financialaid.berkeley.edu/,0109.html,1
110,https://registrar.berkeley.edu/Registration/feesched.html,0110.html,1
111,https://extension.berkeley.edu/,0111.html,1
112,https://summer.berkeley.edu/,0112.html,1
113,https://studyabroad.berkeley.edu/,0113.html,1
114,https://www.berkeley.edu/academics,0114.html,1
115,https://www.berkeley.edu/academics/schools-colleges,0115.html,1
116,https://www.berkeley.edu/atoz/dept,0116.html,1
117,https://classes.berkeley.edu/,0117.html,1
118,https://www.berkeley.edu/academics/advising-tutoring,0118.html,1
119,https://vcresearch.berkeley.edu/faculty-expertise,0119.html,1
120,http://guide.berkeley.edu/academic-calendar,0120.html,1
121,https://www.berkeley.edu/research,0121.html,1
122,https://vcresearch.berkeley.edu/research-units,0122.html,1
123,https://www.lib.berkeley.edu/,0123.html,1
124,https://www.escholarship.org/uc/ucb,0124.html,1
125,https://www.berkeley.edu/research/museums-and-collections,0125.html,1
126,https://research.berkeley.edu/,0126.html,1
127,https://www.berkeley.edu/campus-life,0127.html,1
128,https://www.berkeley.edu/campus-life/events-attractions,0128.html,1
129,https://recwell.berkeley.edu/,0129.html,1
130,https://calbears.com/,0130.html,1
131,https://www.berkeley.edu/campus-life/housing-dining,0131.html,1
132,https://www.berkeley.edu/campus-life/student-organizations,0132.html,1
133,https://www.berkeley.edu/campus-life/health-safety,0133.html,1
134,https://www.berkeley.edu/research-impact,0134.html,1
135,https://vcresearch.berkeley.edu/,0135.html,1
136,https://vcresearch.berkeley.edu/excellence,0136.html,1
137,https://news.berkeley.edu/2025/09/22/uc-berkeley-named-top-public-school-in-the-country-by-us-news,0137.html,1
138,https://www.timeshighereducation.com/world-university-rankings/latest/world-ranking,0138.html,1
139,https://www.forbes.com/top-colleges,0139.html,1
140,https://news.berkeley.edu/2025/04/08/uc-berkeley-graduate-programs-soar-to-elite-status-in-latest-us-news-rankings,0140.html,1
141,https://ipira.berkeley.edu/about/our-impact,0141.html,1
142,https://news.berkeley.edu/2025/09/15/no-1-again-uc-berkeley-generates-more-startups-and-founders-than-any-other-university,0142.html,1
143,https://gspp.berkeley.edu/research-and-impact/news/recent-news/remembering-eugene-bardach,0143.html,1
144,https://news.berkeley.edu/2026/05/01/berkeley-talks-the-american-universi,0144.html,1
145,https://news.berkeley.edu/2026/04/30/national-academy-of-sciences-elects-six-berkeley-researchers-to-its-ranks,0145.html,1
146,https://news.berkeley.edu/2026/04/30/from-l-a-to-the-east-bay-a-student-finds-her-oaxacan-community-at-berkeley,0146.html,1
147,https://news.berkeley.edu/2026/04/29/what-your-voice-gives-away,0147.html,1
148,https://news.berkeley.edu/2026/04/29/as-sudan-conflict-rages-berkeley-trained-refugees-use-digital-tools-to-track-rights-violations,0148.html,1
149,https://undergraduate.catalog.berkeley.edu/programs?page=1&pq=,0149.html,1
150,https://grad.berkeley.edu/admissions/choosing-your-program/list,0150.html,1
151,https://grad.berkeley.edu/,0151.html,1
152,https://events.berkeley.edu/,0152.html,1
153,http://www.facebook.com/UCBerkeley,0153.html,1
154,https://twitter.com/UCBerkeley,0154.html,1
155,https://www.youtube.com/channel/UCZAXKyvvIV4uU4YvP5dmrmA,0155.html,1
156,http://instagram.com/ucberkeleyofficial,0156.html,1
157,https://medium.com/@UCBerkeley,0157.html,1
158,https://www.berkeley.edu/jobs,0158.html,1
159,https://lib.berkeley.edu/,0159.html,1
160,https://diversity.berkeley.edu/,0160.html,1
161,https://vcue.berkeley.edu/committees-initiatives/campus-accreditation-overview,0161.html,1
162,https://light.berkeley.edu/,0162.html,1
163,https://www.berkeley.edu/heerf-report,0163.html,1
164,https://ophd.berkeley.edu/policies-and-procedures/nondiscrimination-policy-statement,0164.html,1
165,https://www.berkeley.edu/atoz,0165.html,1
166,https://www.berkeley.edu/contact-us,0166.html,1
167,https://www.berkeley.edu/privacy-policy,0167.html,1
168,https://dap.berkeley.edu/get-help/report-web-accessibility-issue,0168.html,1
169,https://news.berkeley.edu/about/news-media-relations,0169.html,1
170,https://www.ucdavis.edu/about,0170.html,1
171,https://www.ucdavis.edu/about/administration,0171.html,1
172,https://www.ucdavis.edu/about/administration/initiatives,0172.html,1
173,https://www.ucdavis.edu/principles-and-policies,0173.html,1
174,https://www.ucdavis.edu/top-administrative-units,0174.html,1
175,https://www.ucdavis.edu/about/administration/staff-resources,0175.html,1
176,https://www.ucdavis.edu/about/administration/staff-resources/computing-resources,0176.html,1
177,https://www.ucdavis.edu/about/inclusive-excellence,0177.html,1
178,https://www.ucdavis.edu/about/rankings,0178.html,1
179,https://www.ucdavis.edu/about/locations,0179.html,1
180,https://www.ucdavis.edu/about/locations/middle-of-everywhere,0180.html,1
181,https://www.ucdavis.edu/about/locations/middle-of-everywhere/bay-area-day-trips,0181.html,1
182,https://www.ucdavis.edu/about/locations/middle-of-everywhere/beach-day-trips-uc-davis,0182.html,1
183,https://www.ucdavis.edu/about/locations/middle-of-everywhere/wine-country-day-trips,0183.html,1
184,https://www.ucdavis.edu/about/locations/transportation,0184.html,1
185,https://www.ucdavis.edu/about/locations/transportation/join-team-bike,0185.html,1
186,https://www.ucdavis.edu/about/locations/unique-to-uc-davis,0186.html,1
187,https://www.ucdavis.edu/about/sustainability,0187.html,1
188,https://www.ucdavis.edu/about/visit,0188.html,1
189,https://www.ucdavis.edu/about/visit/campus-tour,0189.html,1
190,https://www.ucdavis.edu/about/visit/plan-your-visit,0190.html,1
191,https://www.ucdavis.edu/about/visit/directions-parking,0191.html,1
192,https://www.ucdavis.edu/about/visit/tour-guides,0192.html,1
193,https://www.ucdavis.edu/about/visit/welcome-center,0193.html,1
194,https://www.ucdavis.edu/about/visit/campus-virtual-tour,0194.html,1
195,https://www.ucdavis.edu/uc-davis-health-care,0195.html,1
196,https://www.ucdavis.edu/about/student-safety,0196.html,1
197,https://www.ucdavis.edu/about/student-safety/urgent-assistance,0197.html,1
198,https://www.ucdavis.edu/about/student-safety/report-crime-misconduct,0198.html,1
199,https://www.ucdavis.edu/about/student-safety/mental-wellbeing-recovery,0199.html,1
200,https://www.ucdavis.edu/about/student-safety/discrimination-and-harassment,0200.html,1
201,https://www.ucdavis.edu/about/student-safety/sexual-gender-based-violence,0201.html,1
202,https://www.ucdavis.edu/about/student-safety/free-speech,0202.html,1
203,https://www.ucdavis.edu/about/student-safety/transportation-safety,0203.html,1
204,https://www.ucdavis.edu/about/student-safety/basic-needs,0204.html,1
205,https://www.ucdavis.edu/about/student-safety/lab-environmental-safety,0205.html,1
206,https://www.ucdavis.edu/admissions,0206.html,1
207,https://www.ucdavis.edu/admissions/undergraduate,0207.html,1
208,https://www.ucdavis.edu/admissions/undergraduate/apply,0208.html,1
209,https://www.ucdavis.edu/admissions/undergraduate/apply/admitted-freshmen,0209.html,1
210,https://www.ucdavis.edu/admissions/undergraduate/apply/admitted-transfer,0210.html,1
211,https://www.ucdavis.edu/admissions/undergraduate/apply/after-application,0211.html,1
212,https://www.ucdavis.edu/admissions/undergraduate/apply/deferred-enrollment,0212.html,1
213,https://www.ucdavis.edu/admissions/undergraduate/apply/after-reporting-changes,0213.html,1
214,https://www.ucdavis.edu/admissions/undergraduate/apply/waitlist,0214.html,1
215,https://www.ucdavis.edu/admissions/undergraduate/apply/application-review-criteria,0215.html,1
216,https://www.ucdavis.edu/admissions/undergraduate/apply/personal-insight-questions,0216.html,1
217,https://www.ucdavis.edu/admissions/undergraduate/freshman,0217.html,1
218,https://www.ucdavis.edu/admissions/undergraduate/freshman/requirements,0218.html,1
219,https://www.ucdavis.edu/admissions/undergraduate/freshman/requirements/advanced-placement-exam,0219.html,1
220,https://www.ucdavis.edu/admissions/undergraduate/freshman/requirements/international-baccalaureate-exam,0220.html,1
221,https://www.ucdavis.edu/admissions/undergraduate/freshman/application-tips,0221.html,1
222,https://www.ucdavis.edu/admissions/undergraduate/freshman/timeline,0222.html,1
223,https://www.ucdavis.edu/admissions/undergraduate/freshman/special-situations,0223.html,1
224,https://www.ucdavis.edu/admissions/undergraduate/transfer,0224.html,1
225,https://www.ucdavis.edu/admissions/undergraduate/transfer/planning,0225.html,1
226,https://www.ucdavis.edu/admissions/undergraduate/transfer/requirements,0226.html,1
227,https://www.ucdavis.edu/admissions/undergraduate/transfer/application-tips,0227.html,1
228,https://www.ucdavis.edu/admissions/undergraduate/transfer/timeline,0228.html,1
229,https://www.ucdavis.edu/admissions/undergraduate/transfer/transfer-admission-guarantee,0229.html,1
230,https://www.ucdavis.edu/admissions/undergraduate/transfer/transfer-admission-guarantee/requirements,0230.html,1
231,https://www.ucdavis.edu/admissions/undergraduate/transfer/transfer-admission-guarantee/decisions,0231.html,1
232,https://www.ucdavis.edu/admissions/undergraduate/transfer/transfer-admission-guarantee/faq,0232.html,1
233,https://www.ucdavis.edu/admissions/undergraduate/transfer/transfer-admission-guarantee/counselors,0233.html,1
234,http://tag.ucdavis.edu/contacts.cfm,0234.html,1
235,https://www.ucdavis.edu/admissions/undergraduate/transfer/transfer-admission-guarantee/counselors/tag-evaluations,0235.html,1
236,https://www.ucdavis.edu/admissions/undergraduate/transfer/special-situations,0236.html,1
237,https://www.ucdavis.edu/admissions/undergraduate/transfer/international-records,0237.html,1
238,https://www.ucdavis.edu/admissions/undergraduate/transfer/selective-major-requirements,0238.html,1
239,https://www.ucdavis.edu/admissions/transfer/major-requirements-college-agricultural-environmental-sciences,0239.html,1
240,https://www.ucdavis.edu/admissions/transfer/major-requirements-college-biological-sciences,0240.html,1
241,https://www.ucdavis.edu/admissions/transfer/major-requirements-college-letters-sciences,0241.html,1
242,https://www.ucdavis.edu/admissions/transfer/major-requirements-college-engineering,0242.html,1
243,https://www.ucdavis.edu/major-requirements-graduate-school-of-management,0243.html,1
244,https://www.ucdavis.edu/admissions/undergraduate/international,0244.html,1
245,https://www.ucdavis.edu/admissions/undergraduate/international/exams-visas,0245.html,1
246,https://www.ucdavis.edu/admissions/undergraduate/international/records,0246.html,1
247,https://www.ucdavis.edu/admissions/undergraduate/international/resources,0247.html,1
248,https://www.ucdavis.edu/admissions/undergraduate/events,0248.html,1
249,https://www.ucdavis.edu/admissions/undergraduate/events/discover,0249.html,1
250,https://www.ucdavis.edu/admissions/undergraduate/events/aggie-transfer-scholars-weekend,0250.html,1
251,https://www.ucdavis.edu/admissions/undergraduate/events/aggie-to-be,0251.html,1
252,https://www.ucdavis.edu/admissions/undergraduate/contact,0252.html,1
253,https://www.ucdavis.edu/admissions/undergraduate/parents,0253.html,1
254,https://www.ucdavis.edu/admissions/undergraduate/counselors,0254.html,1
255,https://www.ucdavis.edu/admissions/undocumented-student-applicants,0255.html,1
256,https://www.ucdavis.edu/admissions/graduate-school,0256.html,1
257,https://www.ucdavis.edu/admissions/professional-school-admissions,0257.html,1
258,https://www.ucdavis.edu/admissions/cost,0258.html,1
259,https://www.ucdavis.edu/admissions/financial-aid-scholarships/higher-education-emergency-relief-fund,0259.html,1
260,https://www.ucdavis.edu/admissions/cost/next-steps,0260.html,1
261,https://www.ucdavis.edu/admissions/cost/educational-opportunity-program,0261.html,1
262,https://www.ucdavis.edu/admissions/apply,0262.html,1
263,https://www.ucdavis.edu/academics,0263.html,1
264,https://www.ucdavis.edu/academics/majors,0264.html,1
265,https://www.ucdavis.edu/majors/blog,0265.html,1
266,https://www.ucdavis.edu/majors/blog/career-preparation,0266.html,1
267,https://www.ucdavis.edu/majors/blog/career-preparation/advising,0267.html,1
268,https://www.ucdavis.edu/majors/blog/career-preparation/beyond-classroom,0268.html,1
269,https://www.ucdavis.edu/majors/blog/career-preparation/honors,0269.html,1
270,https://www.ucdavis.edu/jobs/student-jobs-internships,0270.html,1
271,https://www.ucdavis.edu/individual-majors,0271.html,1
272,https://www.ucdavis.edu/undeclared-and-exploratory-majors,0272.html,1
273,https://www.ucdavis.edu/majors/blog/subscribe,0273.html,1
274,https://www.ucdavis.edu/majors/blog/top-ten-majors,0274.html,1
275,https://www.ucdavis.edu/academics/minors,0275.html,1
276,https://www.ucdavis.edu/academics/graduate,0276.html,1
277,https://www.ucdavis.edu/academics/professional-programs,0277.html,1
278,https://www.ucdavis.edu/academics/colleges-and-schools,0278.html,1
279,https://www.ucdavis.edu/academics/colleges-and-schools/academic-departments,0279.html,1
280,https://www.ucdavis.edu/colleges-and-schools/college-agricultural-and-environmental-sciences,0280.html,1
281,https://www.ucdavis.edu/colleges-and-schools/college-biological-sciences,0281.html,1
282,https://www.ucdavis.edu/colleges-and-schools/college-engineering,0282.html,1
283,https://www.ucdavis.edu/colleges-and-schools/college-letters-and-science,0283.html,1
284,https://www.ucdavis.edu/colleges-and-schools/graduate-school-management,0284.html,1
285,https://www.ucdavis.edu/colleges-and-schools/graduate-studies,0285.html,1
286,https://www.ucdavis.edu/colleges-and-schools/school-education,0286.html,1
287,https://www.ucdavis.edu/colleges-and-schools/school-law,0287.html,1
288,https://www.ucdavis.edu/colleges-and-schools/school-medicine,0288.html,1
289,https://www.ucdavis.edu/colleges-and-schools/school-nursing,0289.html,1
290,https://www.ucdavis.edu/colleges-and-schools/school-veterinary-medicine,0290.html,1
291,https://www.ucdavis.edu/academics/our-faculty,0291.html,1
292,https://www.ucdavis.edu/academics/our-faculty/faculty-resources,0292.html,1
293,https://www.ucdavis.edu/academics/our-faculty/faculty-resources/teaching-resources,0293.html,1
294,https://www.ucdavis.edu/academics/women-stem,0294.html,1
295,https://www.ucdavis.edu/academics/women-stem/linda-bisson-battling-barriers-bias,0295.html,1
296,https://www.ucdavis.edu/academics/women-stem/rachel-houtz-building-community,0296.html,1
297,https://www.ucdavis.edu/academics/women-stem/for-the-love-of-wild-things,0297.html,1
298,https://www.ucdavis.edu/academics/women-stem/heart-health-pioneer-stem-champion,0298.html,1
299,https://www.ucdavis.edu/academics/women-stem/marjannie-akintunde-stem-road,0299.html,1
300,https://www.ucdavis.edu/academics/women-stem/using-stem-improve-lives,0300.html,1
301,https://www.ucdavis.edu/academics/study-abroad,0301.html,1
302,https://www.ucdavis.edu/research,0302.html,1
303,https://www.ucdavis.edu/research/labs-to-lives,0303.html,1
304,https://www.ucdavis.edu/research/undergraduate,0304.html,1
305,https://www.ucdavis.edu/research/graduate-professional,0305.html,1
306,https://research.ucdavis.edu/,0306.html,1
307,https://www.ucdavis.edu/research/library,0307.html,1
308,https://www.ucdavis.edu/research/museums-collections,0308.html,1
309,https://www.ucdavis.edu/research/partners,0309.html,1
310,https://www.ucdavis.edu/campus-life,0310.html,1
311,https://www.ucdavis.edu/campus-life/californias-college-town,0311.html,1
312,https://www.ucdavis.edu/campus-life/californias-college-town/the-college-tour,0312.html,1
313,https://www.ucdavis.edu/campus-life/housing,0313.html,1
314,https://www.ucdavis.edu/campus-life/dining-food,0314.html,1
315,https://www.ucdavis.edu/campus-life/things-to-do,0315.html,1
316,https://www.ucdavis.edu/campus-life/arts-culture,0316.html,1
317,https://www.ucdavis.edu/campus-life/things-to-do/traditions,0317.html,1
318,https://www.ucdavis.edu/campus-life/things-to-do/traditions/our-uc-davis,0318.html,1
319,https://www.ucdavis.edu/campus-life/things-to-do/traditions/fall-welcome,0319.html,1
320,https://www.ucdavis.edu/campus-life/things-to-do/traditions/homecoming,0320.html,1
321,https://www.ucdavis.edu/campus-life/things-to-do/traditions/picnic-day,0321.html,1
322,https://www.ucdavis.edu/campus-life/things-to-do/arboretum,0322.html,1
323,https://www.ucdavis.edu/calendar/campus-poster-calendars,0323.html,1
324,https://www.ucdavis.edu/commencement,0324.html,1
325,https://www.ucdavis.edu/campus-life/things-to-do/calendar,0325.html,1
326,https://www.ucdavis.edu/campus-life/student-jobs-internships,0326.html,1
327,https://www.ucdavis.edu/campus-life/clubs-and-communities,0327.html,1
328,https://www.ucdavis.edu/campus-life/athletics-sports,0328.html,1
329,https://www.ucdavis.edu/news,0329.html,1
330,https://www.ucdavis.edu/news/latest,0330.html,1
331,https://www.ucdavis.edu/in-focus,0331.html,1
332,https://www.ucdavis.edu/news/university,0332.html,1
333,https://www.ucdavis.edu/news/university/dateline,0333.html,1
334,https://www.ucdavis.edu/magazine,0334.html,1
335,https://www.ucdavis.edu/news/social-media,0335.html,1
336,https://www.ucdavis.edu/news/social-media/guidelines,0336.html,1
337,https://www.ucdavis.edu/news/student-life,0337.html,1
338,https://www.ucdavis.edu/blogs,0338.html,1
339,https://www.ucdavis.edu/news/podcasts-and-shows,0339.html,1
340,https://www.ucdavis.edu/news/podcasts-and-shows/face-to-face,0340.html,1
341,https://www.ucdavis.edu/news/podcasts-and-shows/that-may-be-the-chancellor,0341.html,1
342,https://www.ucdavis.edu/news/podcasts-and-shows/the-backdrop,0342.html,1
343,https://www.ucdavis.edu/news/podcasts-and-shows/thursday-thoughts,0343.html,1
344,https://www.ucdavis.edu/news/podcasts-and-shows/uc-davis-live,0344.html,1
345,https://www.ucdavis.edu/news/podcasts-and-shows/unfold,0345.html,1
346,https://myadmissions.ucdavis.edu/applicants,0346.html,1
347,https://www.ucdavis.edu/majors,0347.html,1
348,https://marinescience.ucdavis.edu/bml/about,0348.html,1
349,https://health.ucdavis.edu/welcome/index.html,0349.html,1
350,https://tahoe.ucdavis.edu/,0350.html,1
351,https://www.ucdavis.edu/news/rankings-recognize-global-leadership-uc-davis-0,0351.html,1
352,https://www.ucdavis.edu/news/wall-street-journal-rankings-uc-davis-positions-graduates-financial-success,0352.html,1
353,https://www.ucdavis.edu/news/uc-davis-top-10-nations-public-universities-4th-year,0353.html,1
354,https://www.ucdavis.edu/news/still-bicycle-friendly-still-platinum,0354.html,1
355,https://www.ucdavis.edu/research/discoveries,0355.html,1
356,https://www.ucdavis.edu/admissions/undergraduate/more-info,0356.html,1
357,https://give.ucdavis.edu/,0357.html,1
358,https://www.ucdavis.edu/admissions/blog/7-fun-things-to-do-outside-of-davis,0358.html,1
359,https://www.ucdavis.edu/news/fish-evolution-accelerated-after-adapting-eat-hard-surfaces,0359.html,1
360,https://www.ucdavis.edu/news/aggies-making-uc-davis-leader-inclusion,0360.html,1
361,https://www.ucdavis.edu/news/uc-stemfest-inspire-kids-science-and-engineering,0361.html,1
362,https://www.ucdavis.edu/news/give-day-hits-10-year-milestone-strong-support,0362.html,1
363,https://www.ucdavis.edu/news/uc-davis-receives-75m-historic-gift-support-veterinary-medicine,0363.html,1
364,http://www.facebook.com/ucdavis,0364.html,1
365,https://www.instagram.com/ucdavis,0365.html,1
366,https://www.x.com/ucdavis,0366.html,1
367,https://www.youtube.com/ucdavis,0367.html,1
368,http://www.tiktok.com/@ucdavis,0368.html,1
369,http://www.ucdmc.ucdavis.edu/,0369.html,1
370,http://mobile.ucdavis.edu/,0370.html,1
371,https://employer.ucdavis.edu/,0371.html,1
372,https://www.ucdavis.edu/academics/teaching-learning/student-resources,0372.html,1
373,https://studentparents.ucdavis.edu/,0373.html,1
374,http://www.alumni.ucdavis.edu/,0374.html,1
375,http://www.alumni.ucdavis.edu/benefits/career-connections,0375.html,1
376,http://www.alumni.ucdavis.edu/benefits,0376.html,1
377,https://www.ucdavis.edu/about/jobs/benefits,0377.html,1
378,https://www.ucdavis.edu/about/jobs,0378.html,1
379,https://www.ucdavis.edu/website-feedback,0379.html,1
380,https://www.ucdavis.edu/contact,0380.html,1
381,https://www.ucdavis.edu/help/privacy-accessibility,0381.html,1
382,http://www.universityofcalifornia.edu/,0382.html,1
383,https://sitefarm.ucdavis.edu/,0383.html,1
384,https://uci.edu/index.php,0384.html,1
385,https://uci.edu/60th/index.php,0385.html,1
386,https://registertovote.ca.gov/,0386.html,1
387,https://jobs.uci.edu/careers-home,0387.html,1
388,https://secure.give.uci.edu/,0388.html,1
389,https://uci.edu/academics/index.php,0389.html,1
390,https://uci.edu/academics/undergraduate.php,0390.html,1
391,https://uci.edu/academics/graduate.php,0391.html,1
392,https://uci.edu/academics/schools-and-units.php,0392.html,1
393,https://www.lib.uci.edu/,0393.html,1
394,https://uci.edu/admissions/index.php,0394.html,1
395,https://admissions.uci.edu/,0395.html,1
396,https://www.admissions.uci.edu/apply/transfer-students/index.php,0396.html,1
397,https://grad.uci.edu/,0397.html,1
398,https://www.admissions.uci.edu/apply/international-students.php,0398.html,1
399,https://grad.uci.edu/admissions/information-for-international-applicants,0399.html,1
400,https://www.ofas.uci.edu/,0400.html,1
401,https://uci.edu/visit/index.php,0401.html,1
402,https://uci.edu/research/index.php,0402.html,1
403,https://uci.edu/campus-life/index.php,0403.html,1
404,https://uci.edu/community/index.php,0404.html,1
405,https://uci.edu/community/education-programs.php,0405.html,1
406,https://today.uci.edu/,0406.html,1
407,https://www.arts.uci.edu/events,0407.html,1
408,https://ucirvinesports.com/,0408.html,1
409,https://engage.alumni.uci.edu/,0409.html,1
410,https://uci.edu/langson-museum/index.php,0410.html,1
411,https://uci.edu/about/index.php,0411.html,1
412,https://uci.edu/about/rankings.php,0412.html,1
413,https://uci.edu/about/faculty-honors.php,0413.html,1
414,https://uci.edu/about/facts-and-figures.php,0414.html,1
415,https://uci.edu/about/leadership.php,0415.html,1
416,https://uci.edu/about/administrative-offices.php,0416.html,1
417,https://news.uci.edu/2026/04/22/water-warming-and-a-world-at-risk?utm_source=uci-homepage&utm_medium=banner,0417.html,1
418,https://news.uci.edu/2026/04/20/collaborating-with-a-purpose,0418.html,1
419,https://news.uci.edu/2026/03/02/antarctica-has-lost-10-times-the-size-of-greater-los-angeles-in-ice-over-30-years?utm_source=uci-homepage&utm_medium=banner,0419.html,1
420,https://news.uci.edu/2026/04/13/an-earth-day-lesson-in-forever-chemicals?utm_source=uci-homepage&utm_medium=banner,0420.html,1
421,https://news.uci.edu/,0421.html,1
422,https://ucirvinesports.com/news/2026/5/2/mens-volleyball-no-6-uc-irvine-topples-no-1-ucla-3-2-to-advance-to-ncaa-semifinals,0422.html,1
423,https://ucirvinesports.com/news/2026/4/30/mens-basketball-uc-irvine-mens-basketball-signs-7-9-olivier-rioux?utm_source=uci-homepage&utm_medium=banner,0423.html,1
424,https://news.uci.edu/2026/04/29/from-the-classroom-to-community-leadership?utm_source=uci-digest&utm_medium=email,0424.html,1
425,https://news.uci.edu/2024/09/24/uc-irvine-is-ranked-among-nations-top-10-public-universities-for-10th-year-in-a-row,0425.html,1
426,https://news.uci.edu/2025/06/27/uc-irvine-ranks-fourth-in-princeton-reviews-best-value-colleges,0426.html,1
427,https://news.uci.edu/2025/02/20/uc-irvine-rates-among-best-universities-in-california-mobility-index,0427.html,1
428,https://healthaffairs.uci.edu/the-college,0428.html,1
429,https://admissions.uci.edu/apply/how-to-apply/index.php,0429.html,1
430,https://www.facebook.com/UCIrvine,0430.html,1
431,https://twitter.com/ucirvine,0431.html,1
432,https://www.youtube.com/user/ucirvine,0432.html,1
433,https://instagram.com/ucirvine,0433.html,1
434,https://irap.uci.edu/institutional-planning/accreditation,0434.html,1
435,https://uci.edu/status/index.php,0435.html,1
436,https://uci.edu/campus-climate/index.php,0436.html,1
437,https://dsc.uci.edu/,0437.html,1
438,https://map.uci.edu/?id=463,0438.html,1
439,https://communications.uci.edu/about-us/media-relations-staff,0439.html,1
440,https://uci.edu/privacy/index.php,0440.html,1
441,https://www.police.uci.edu/clery,0441.html,1
442,https://uci.edu/copyright/index.php,0442.html,1
443,https://www.ucla.edu/events,0443.html,1
444,https://newsroom.ucla.edu/,0444.html,1
445,https://newsroom.ucla.edu/magazine,0445.html,1
446,https://alumni.ucla.edu/,0446.html,1
447,https://goarts.ucla.edu/,0447.html,1
448,https://www.ucla.edu/careers,0448.html,1
449,https://giveto.ucla.edu/,0449.html,1
450,https://www.ucla.edu/about,0450.html,1
451,https://www.ucla.edu/about/facts-and-figures,0451.html,1
452,https://www.ucla.edu/about/leadership,0452.html,1
453,https://www.senate.ucla.edu/,0453.html,1
454,https://www.ucla.edu/about/rankings,0454.html,1
455,https://alumni.ucla.edu/uclas-story,0455.html,1
456,https://www.ucla.edu/about/mission-and-values,0456.html,1
457,https://strategic-plan.ucla.edu/,0457.html,1
458,https://equity.ucla.edu/,0458.html,1
459,https://100.ucla.edu/timeline.html,0459.html,1
460,https://www.global.ucla.edu/home,0460.html,1
461,https://www.ucla.edu/about/awards-and-honors,0461.html,1
462,https://www.ucla.edu/about/athletics-championships-and-medals,0462.html,1
463,https://www.ucla.edu/about/notable-bruins,0463.html,1
464,https://www.ucla.edu/admission,0464.html,1
465,https://admission.ucla.edu/,0465.html,1
466,https://admission.ucla.edu/tuition-aid/tuition-fees,0466.html,1
467,https://admission.ucla.edu/tuition-aid/financial-aid-and-scholarships,0467.html,1
468,https://admission.ucla.edu/tours.htm,0468.html,1
469,https://www.ucla.edu/admission/graduate-admission,0469.html,1
470,https://grad.ucla.edu/funding/tuition,0470.html,1
471,https://grad.ucla.edu/,0471.html,1
472,https://grad.ucla.edu/admissions/visiting-ucla,0472.html,1
473,https://www.ucla.edu/admission/international-applicants,0473.html,1
474,https://www.uclaextension.edu/student-services/enrollment-services-support,0474.html,1
475,https://summer.ucla.edu/,0475.html,1
476,https://www.ucla.edu/academics,0476.html,1
477,https://www.ucla.edu/academics/programs-and-majors,0477.html,1
478,https://www.ucla.edu/academics/college-and-schools,0478.html,1
479,https://www.ucla.edu/academics/undergraduate-education,0479.html,1
480,https://www.ucla.edu/academics/graduate-and-professional-education,0480.html,1
481,https://www.uclaextension.edu/,0481.html,1
482,https://ieo.ucla.edu/,0482.html,1
483,https://www.ucla.edu/academics/continuing-education,0483.html,1
484,https://career.ucla.edu/,0484.html,1
485,https://www.registrar.ucla.edu/Academics/Academic-Counseling,0485.html,1
486,https://firsttogo.ucla.edu/,0486.html,1
487,https://newstudents.ucla.edu/,0487.html,1
488,http://www.honors.ucla.edu/,0488.html,1
489,https://www.ucla.edu/academics/support/entrepreneurship,0489.html,1
490,https://www.ucla.edu/academics/libraries,0490.html,1
491,https://registrar.ucla.edu/calendars/academic-calendar,0491.html,1
492,https://sa.ucla.edu/ro/public/soc,0492.html,1
493,https://catalog.registrar.ucla.edu/,0493.html,1
494,https://www.ucla.edu/research,0494.html,1
495,https://research.ucla.edu/about/campus,0495.html,1
496,https://tdg.ucla.edu/,0496.html,1
497,https://research.ucla.edu/entrepreneurship,0497.html,1
498,https://grad.ucla.edu/academics/research,0498.html,1
499,https://admission.ucla.edu/explore/research,0499.html,1
500,https://www.ucla.edu/campus-life,0500.html,1
501,https://portal.housing.ucla.edu/,0501.html,1
502,https://reslife.ucla.edu/,0502.html,1
503,https://dining.ucla.edu/,0503.html,1
504,https://www.studenthealth.ucla.edu/,0504.html,1
505,https://www.sustain.ucla.edu/,0505.html,1
506,https://www.ucla.edu/campus-life/clubs-organizations-and-recreation,0506.html,1
507,https://www.recreation.ucla.edu/,0507.html,1
508,https://www.ucla.edu/campus-life/arts-and-performance,0508.html,1
509,https://volunteer.ucla.edu/,0509.html,1
510,https://bewellbruin.ucla.edu/,0510.html,1
511,https://directory.ucla.edu/,0511.html,1
512,https://www.registrar.ucla.edu/Calendars/Annual-Academic-Calendar,0512.html,1
513,https://map.ucla.edu/,0513.html,1
514,https://www.transportation.ucla.edu/campus-parking,0514.html,1
515,https://transportation.ucla.edu/getting-around-campus/bruinbus,0515.html,1
516,https://transportation.ucla.edu/getting-to-ucla/public-transit,0516.html,1
517,https://giveto.ucla.edu/?utm_campaign=UCLA-Gateway&utm_source=Gateway-Header&utm_medium=website&utm_content=Give+Now+Button&_ga=2.113305351.1621921878.1573682885-1712134942.1573682885,0517.html,1
518,https://newsroom.ucla.edu/releases/ai-deep-learning-maps-california-kelp-coastal-ecosystems,0518.html,1
519,https://newsroom.ucla.edu/releases/bruins-commute-public-transportation-in-record-numbers-2025,0519.html,1
520,https://newsroom.ucla.edu/stories/in-focus-arab-american-heritage-month-2026,0520.html,1
521,https://newsroom.ucla.edu/stories/sustainable-dining-best-college-food,0521.html,1
522,https://newsroom.ucla.edu/releases/gene-therapy-research-sickle-cell-disease-taught-ucla-scientists,0522.html,1
523,https://newsroom.ucla.edu/releases/how-colorado-river-got-to-grand-canyon,0523.html,1
524,https://newsroom.ucla.edu/releases/adapting-oak-trees-for-climate-change-one-acorn-at-a-time,0524.html,1
525,https://chancellor.ucla.edu/,0525.html,1
526,https://uclabruins.com/news/2026/5/3/beach-volleyball-claims-third-national-championship,0526.html,1
527,https://uclabruins.com/news/2026/5/2/ucla-beach-volleyball-adavances-to-national-championship,0527.html,1
528,https://uclabruins.com/news/2026/5/3/baseball-no-1-ucla-erases-eight-run-deficit-to-stun-michigan-state-complete-sweep,0528.html,1
529,https://uclabruins.com/news/2026/5/2/mens-volleyball-bruins-drop-five-set-heartbreaker-to-uc-irvine-in-ncaa-tournament,0529.html,1
530,https://admin.uclabruins.com/calendar.aspx?game_id=34565&sport_id=1,0530.html,1
531,https://uclabruins.com/,0531.html,1
532,https://community.ucla.edu/,0532.html,1
533,https://community.ucla.edu/event/6314ba24-b8a9-4deb-acff-a8b273593dd9,0533.html,1
534,https://community.ucla.edu/event/a1692fd0-9e3a-4258-a48f-751959fac7cb,0534.html,1
535,https://community.ucla.edu/event/84655a91-764f-4198-8e57-309cbe8741fc,0535.html,1
536,https://community.ucla.edu/event/44f5d659-cd05-4c63-b116-d5e85f233519,0536.html,1
537,https://community.ucla.edu/event/38d22426-ff47-468b-bcf7-c147448eae33,0537.html,1
538,https://community.ucla.edu/event/6b6b7d3f-77c7-49f2-8412-d92cdbbdbe7d,0538.html,1
539,https://community.ucla.edu/event/936c7795-67da-49f7-910d-9f6ec71810e9,0539.html,1
540,https://community.ucla.edu/event/4a5e1f8f-f38e-4d95-9dc0-a7954baa9702,0540.html,1
541,https://community.ucla.edu/event/f0f9ffec-09f7-4e47-88ff-9ad3af0c4175,0541.html,1
542,https://community.ucla.edu/event/eed0e48d-5841-463b-add8-9801be2d067e,0542.html,1
543,https://community.ucla.edu/event/ec60d4ab-1a21-4f35-ac19-b05cf9d11b5f,0543.html,1
544,https://www.facebook.com/photo.php?fbid=1564110242387679&set=a.126555526143165&type=3,0544.html,1
545,https://www.facebook.com/reel/2097852817666597,0545.html,1
546,https://www.facebook.com/photo.php?fbid=975402541545455&set=a.277877654631284&type=3,0546.html,1
547,https://www.facebook.com/photo.php?fbid=974744321611277&set=a.277877654631284&type=3,0547.html,1
548,https://www.facebook.com/photo.php?fbid=974665981619111&set=a.277877654631284&type=3,0548.html,1
549,https://www.instagram.com/p/DXp12iVjmNg?img_index=3,0549.html,1
550,https://www.facebook.com/photo.php?fbid=974627021623007&set=a.277877654631284&type=3,0550.html,1
551,https://www.instagram.com/reel/DXpg-vmFEPd,0551.html,1
552,https://www.facebook.com/photo.php?fbid=974509531634756&set=a.277877654631284&type=3,0552.html,1
553,https://www.facebook.com/reel/1445875800080030,0553.html,1
554,https://www.facebook.com/photo.php?fbid=974356931650016&set=a.277877654631284&type=3,0554.html,1
555,https://www.facebook.com/photo.php?fbid=973588235060219&set=a.277877654631284&type=3,0555.html,1
556,https://www.instagram.com/p/DXmfukODysS,0556.html,1
557,https://www.facebook.com/photo.php?fbid=972836905135352&set=a.277877654631284&type=3,0557.html,1
558,https://www.facebook.com/photo.php?fbid=972236105195432&set=a.277877654631284&type=3,0558.html,1
559,https://www.instagram.com/reel/DXiLcsCgCxr,0559.html,1
560,https://www.instagram.com/reel/DXf3SwUAHVs,0560.html,1
561,https://www.instagram.com/p/DXfUe_0jcJC?img_index=1,0561.html,1
562,https://www.instagram.com/reel/DXe_E9Ajl68,0562.html,1
563,https://www.facebook.com/photo.php?fbid=970618435357199&set=a.277877654631284&type=3,0563.html,1
564,https://www.instagram.com/reel/DXdK8TPCb8Q,0564.html,1
565,https://www.instagram.com/reel/DXc0QVaiRgz,0565.html,1
566,https://www.facebook.com/photo.php?fbid=969853012100408&set=a.277877654631284&type=3,0566.html,1
567,https://www.facebook.com/reel/4374623182865717,0567.html,1
568,https://www.ucla.edu/contact,0568.html,1
569,https://newsroom.ucla.edu/media-contacts-at-ucla,0569.html,1
570,https://transportation.ucla.edu/campus-parking,0570.html,1
571,https://covid-19.ucla.edu/,0571.html,1
572,https://alumni.ucla.edu/parents,0572.html,1
573,https://apo.ucla.edu/,0573.html,1
574,https://campusservices.ucla.edu/,0574.html,1
575,https://errc.ucla.edu/,0575.html,1
576,https://luskinconferencecenter.ucla.edu/,0576.html,1
577,https://events.ucla.edu/filming-at-ucla/commercial-external-filming,0577.html,1
578,https://events.ucla.edu/,0578.html,1
579,https://www.uclahealth.org/?utm_source=ucla.edu,0579.html,1
580,https://www.uclastore.com/,0580.html,1
581,https://100.ucla.edu/,0581.html,1
582,https://hammer.ucla.edu/,0582.html,1
583,https://fowler.ucla.edu/,0583.html,1
584,https://cap.ucla.edu/,0584.html,1
585,https://www.cinema.ucla.edu/,0585.html,1
586,https://www.facebook.com/UCLA,0586.html,1
587,https://www.instagram.com/ucla,0587.html,1
588,https://twitter.com/ucla,0588.html,1
589,https://www.youtube.com/user/UCLA,0589.html,1
590,https://www.tiktok.com/@ucla?lang=en,0590.html,1
591,https://www.threads.net/@ucla,0591.html,1
592,https://www.bso.ucla.edu/,0592.html,1
593,https://www.ucla.edu/accessibility,0593.html,1
594,https://equity.ucla.edu/report-an-incident,0594.html,1
595,https://www.ucla.edu/terms-of-use,0595.html,1
596,https://admissions.ucmerced.edu/bobcatday,0596.html,1
597,https://www.ucmerced.edu/about,0597.html,1
598,https://www.ucmerced.edu/history,0598.html,1
599,https://www.ucmerced.edu/ucmerced-mission,0599.html,1
600,https://www.ucmerced.edu/sustainability,0600.html,1
601,https://www.ucmerced.edu/principles-of-community,0601.html,1
602,https://www.ucmerced.edu/executive-leadership,0602.html,1
603,https://www.ucmerced.edu/ucmerced-locations,0603.html,1
604,https://www.ucmerced.edu/accolades,0604.html,1
605,https://www.ucmerced.edu/school-of-engineering,0605.html,1
606,https://www.ucmerced.edu/school-of-natural-sciences,0606.html,1
607,https://www.ucmerced.edu/school-of-social-sciences-humanities-and-arts,0607.html,1
608,https://www.ucmerced.edu/health-sciences-research-institute,0608.html,1
609,https://www.ucmerced.edu/sierra-nevada-research-institute,0609.html,1
610,https://clc.ucmerced.edu/,0610.html,1
611,https://www.ucmerced.edu/students,0611.html,1
612,https://www.ucmerced.edu/faculty,0612.html,1
613,https://www.ucmerced.edu/staff,0613.html,1
614,https://www.ucmerced.edu/alumni,0614.html,1
615,https://www.ucmerced.edu/parents,0615.html,1
616,https://www.ucmerced.edu/right-to-know,0616.html,1
617,https://my.ucmerced.edu/,0617.html,1
618,https://directory.ucmerced.edu/,0618.html,1
619,https://www.ucmerced.edu/admissions,0619.html,1
620,https://admissions.ucmerced.edu/first-year/apply?menu,0620.html,1
621,https://www.ucmerced.edu/why-ucmerced,0621.html,1
622,https://www.ucmerced.edu/academics-undergraduate-majors-minors,0622.html,1
623,https://www.ucmerced.edu/admissions-affordability-and-aid,0623.html,1
624,https://www.ucmerced.edu/dates-and-deadlines,0624.html,1
625,https://www.ucmerced.edu/visit-us,0625.html,1
626,https://www.ucmerced.edu/experience,0626.html,1
627,https://www.ucmerced.edu/graduate-academic-studies,0627.html,1
628,https://graduatedivision.ucmerced.edu/financial-support,0628.html,1
629,http://graduatedivision.ucmerced.edu/prospective-students/application-dates,0629.html,1
630,https://graduatedivision.ucmerced.edu/prospective-students/how-apply,0630.html,1
631,https://studentsfirst.ucmerced.edu/?target=,0631.html,1
632,https://admissions.ucmerced.edu/,0632.html,1
633,https://graduatedivision.ucmerced.edu/,0633.html,1
634,https://registrar.ucmerced.edu/,0634.html,1
635,https://financialaid.ucmerced.edu/,0635.html,1
636,https://www.ucmerced.edu/academics,0636.html,1
637,https://www.ucmerced.edu/advising,0637.html,1
638,https://www.ucmerced.edu/international-students,0638.html,1
639,https://www.ucmerced.edu/study-abroad,0639.html,1
640,https://www.ucmerced.edu/summer-session,0640.html,1
641,https://www.ucmerced.edu/resources,0641.html,1
642,https://www.ucmerced.edu/academics/graduate-programs,0642.html,1
643,https://www.ucmerced.edu/graduate-international-students,0643.html,1
644,https://cep.ucmerced.edu/,0644.html,1
645,https://engineeringservicelearning.ucmerced.edu/,0645.html,1
646,https://extension.ucmerced.edu/,0646.html,1
647,https://writingprogram.ucmerced.edu/,0647.html,1
648,https://www.ucmerced.edu/research,0648.html,1
649,https://www.ucmerced.edu/citris,0649.html,1
650,https://www.ucmerced.edu/more-centers,0650.html,1
651,https://www.ucmerced.edu/environmental-analytical-lab,0651.html,1
652,https://www.ucmerced.edu/imaging-and-microscopy-facility,0652.html,1
653,https://www.ucmerced.edu/natural-reserve-system,0653.html,1
654,https://www.ucmerced.edu/stem-cell-instrumentation-foundry,0654.html,1
655,https://www.ucmerced.edu/animal-research-services,0655.html,1
656,https://srs.ucmerced.edu/,0656.html,1
657,https://rci.ucmerced.edu/,0657.html,1
658,https://rds.ucmerced.edu/,0658.html,1
659,https://library.ucmerced.edu/,0659.html,1
660,https://www.ucmerced.edu/campus-life,0660.html,1
661,https://www.ucmerced.edu/clubs-and-organizations,0661.html,1
662,https://www.ucmerced.edu/athletics-and-recreation,0662.html,1
663,https://www.ucmerced.edu/housing,0663.html,1
664,https://www.ucmerced.edu/dining,0664.html,1
665,https://www.ucmerced.edu/transportation,0665.html,1
666,https://www.ucmerced.edu/campus-store,0666.html,1
667,https://www.ucmerced.edu/the-college-tour,0667.html,1
668,https://www.ucmerced.edu/campus-life/explore-area/yosemite,0668.html,1
669,https://www.ucmerced.edu/city-of-merced,0669.html,1
670,https://www.ucmerced.edu/nearby-cities,0670.html,1
671,https://www.ucmerced.edu/the-great-outdoors,0671.html,1
672,https://www.ucmerced.edu/childcare-and-schools,0672.html,1
673,https://www.ucmerced.edu/arts-and-culture,0673.html,1
674,https://www.ucmerced.edu/tours,0674.html,1
675,https://www.ucmerced.edu/maps-and-directions,0675.html,1
676,https://www.ucmerced.edu/parking,0676.html,1
677,https://www.ucmerced.edu/where-to-stay,0677.html,1
678,https://decision.ucmerced.edu/,0678.html,1
679,https://news.ucmerced.edu/,0679.html,1
680,http://news.ucmerced.edu//news/2026/turning-carbon-footprint-carbon-wave,0680.html,1
681,http://news.ucmerced.edu//news/2026/uc-merced-opens-flexible-routes-stem-degrees-teaching-and-beyond,0681.html,1
682,http://news.ucmerced.edu//news/2026/states-first-solar-canal-project-moves-uc-merced-lab-real-world,0682.html,1
683,http://news.ucmerced.edu//news/2026/uc-merced-student-makes-campus-history-goldwater-scholarship,0683.html,1
684,https://admissions.ucmerced.edu/first-year/requirements,0684.html,1
685,https://admissions.ucmerced.edu/transfer/requirements,0685.html,1
686,https://events.ucmerced.edu/,0686.html,1
687,https://uc-merced.foleon.com/public-relations/explore-ucm/cover,0687.html,1
688,https://www.ucmerced.edu/news/2021/hsri-receives-12-million-research-health-impacts-vehicle-related-air-pollution,0688.html,1
689,https://hsri.ucmerced.edu/,0689.html,1
690,https://oag.ca.gov/,0690.html,1
691,https://admissions.ucmerced.edu/visit-us,0691.html,1
692,https://emergency.ucmerced.edu/,0692.html,1
693,https://mist.ucmerced.edu/,0693.html,1
694,https://ue.ucmerced.edu/,0694.html,1
695,https://chancellor.ucmerced.edu/,0695.html,1
696,https://provostevc.ucmerced.edu/,0696.html,1
697,https://diversity.ucmerced.edu/,0697.html,1
698,https://externalrelations.ucmerced.edu/,0698.html,1
699,https://dfa.ucmerced.edu/,0699.html,1
700,https://popd.ucmerced.edu/,0700.html,1
701,https://studentaffairs.ucmerced.edu/,0701.html,1
702,https://it.ucmerced.edu/,0702.html,1
703,https://www.facebook.com/ucmerced,0703.html,1
704,https://twitter.com/ucmerced,0704.html,1
705,https://www.youtube.com/channel/UCa2yTlkw-eJlBIypLsUSgQA,0705.html,1
706,https://www.instagram.com/ucmerced,0706.html,1
707,https://www.threads.net/@ucmerced,0707.html,1
708,https://bsky.app/profile/ucmerced.bsky.social,0708.html,1
709,https://www.ucmerced.edu/privacy-statement,0709.html,1
710,https://www.ucmerced.edu/contact-us,0710.html,1
711,https://accessibility.ucmerced.edu/web-accessibility,0711.html,1
712,https://ophd.ucmerced.edu/policies-and-procedures/overview/nondiscrimination-policy-statement,0712.html,1
713,https://www.ucmerced.edu/Site-List,0713.html,1
714,https://www.ucr.edu/alpha,0714.html,1
715,https://campusmap.ucr.edu/,0715.html,1
716,https://profiles.ucr.edu/,0716.html,1
717,https://news.ucr.edu/,0717.html,1
718,https://www.ucr.edu/visitors,0718.html,1
719,https://events.ucr.edu/,0719.html,1
720,https://jobs.ucr.edu/,0720.html,1
721,https://library.ucr.edu/,0721.html,1
722,https://transportation.ucr.edu/,0722.html,1
723,https://www.ucr.edu/apply,0723.html,1
724,https://www.ucr.edu/about-ucr,0724.html,1
725,https://www.ucr.edu/rankings,0725.html,1
726,https://www.ucr.edu/history,0726.html,1
727,https://international.ucr.edu/,0727.html,1
728,https://www.ucr.edu/leadership,0728.html,1
729,https://www.ucr.edu/academics,0729.html,1
730,https://admissions.ucr.edu/majors,0730.html,1
731,https://graduate.ucr.edu/programs,0731.html,1
732,https://www.ucr.edu/admissions,0732.html,1
733,https://admissions.ucr.edu/,0733.html,1
734,https://admissions.ucr.edu/cost,0734.html,1
735,https://graduate.ucr.edu/admissions,0735.html,1
736,https://admissions.ucr.edu/military,0736.html,1
737,https://www.ucr.edu/research,0737.html,1
738,https://www.ucr.edu/research/undergrad-research,0738.html,1
739,https://graduate.ucr.edu/,0739.html,1
740,https://www.ucr.edu/research/centers,0740.html,1
741,https://researchimpact.ucr.edu/,0741.html,1
742,https://www.ucr.edu/campus-life,0742.html,1
743,https://www.ucr.edu/stay-connected,0743.html,1
744,https://www.ucr.edu/campus-life/arts-and-culture,0744.html,1
745,https://gohighlanders.com/,0745.html,1
746,https://recreation.ucr.edu/,0746.html,1
747,https://studentwellness.ucr.edu/,0747.html,1
748,https://gardens.ucr.edu/,0748.html,1
749,https://housing.ucr.edu/,0749.html,1
750,https://dining.ucr.edu/,0750.html,1
751,https://www.ucr.edu/current-students,0751.html,1
752,https://www.ucr.edu/faculty,0752.html,1
753,https://www.ucr.edu/staff,0753.html,1
754,https://families.ucr.edu/,0754.html,1
755,https://alumni.ucr.edu/,0755.html,1
756,https://giving.ucr.edu/ways-to-give,0756.html,1
757,https://giving.ucr.edu/where-to-give,0757.html,1
758,https://www.ucr.edu/magazine/presents/2026/human-search-engine-of-insect-world,0758.html,1
759,https://news.ucr.edu/articles/2026/03/26/esri-ucr-mapping-half-century-collaboration,0759.html,1
760,https://news.ucr.edu/articles/2026/03/04/new-york-times-columnist-2026-hays-lecture-speaker,0760.html,1
761,https://admissions.ucr.edu/visit,0761.html,1
762,https://www.youtube.com/watch?v=N8VzFLDi0b4,0762.html,1
763,https://admissions.ucr.edu/affordable-ca,0763.html,1
764,https://admissions.ucr.edu/affordable-oos,0764.html,1
765,https://admissions.ucr.edu/affordable-international,0765.html,1
766,https://admissions.ucr.edu/firstyear,0766.html,1
767,https://admissions.ucr.edu/transfer,0767.html,1
768,https://admissions.ucr.edu/international,0768.html,1
769,https://www.instagram.com/ucriversideofficial,0769.html,1
770,https://campusstatus.ucr.edu/,0770.html,1
771,https://ucr.bncollege.com/shop/ucr/home,0771.html,1
772,https://vamos.ucr.edu/,0772.html,1
773,https://www.facebook.com/UCRiverside,0773.html,1
774,https://x.com/UCRiverside,0774.html,1
775,https://www.youtube.com/UCRiverside,0775.html,1
776,https://www.tiktok.com/@ucriverside,0776.html,1
777,https://giving.ucr.edu/,0777.html,1
778,https://www.gohighlanders.com/,0778.html,1
779,https://www.ucr.edu/privacy.html,0779.html,1
780,https://ucrsupport.service-now.com/ucr_portal?id=ucr_accessibility_form,0780.html,1
781,https://www.ucr.edu/terms.html,0781.html,1
782,https://ucsd.edu/index.html,0782.html,1
783,https://giving.ucsd.edu/,0783.html,1
784,https://admission.universityofcalifornia.edu/how-to-apply/apply-online,0784.html,1
785,https://ucsd.edu/about/index.html,0785.html,1
786,https://ucsd.edu/about/visiting-tours/index.html,0786.html,1
787,https://today.ucsd.edu/,0787.html,1
788,https://employment.ucsd.edu/,0788.html,1
789,https://chancellor.ucsd.edu/,0789.html,1
790,https://ucsd.edu/about/economic-impact-report.html,0790.html,1
791,https://mobile.ucsd.edu/,0791.html,1
792,https://ucsd.edu/academics,0792.html,1
793,https://students.ucsd.edu/,0793.html,1
794,https://undergrad.ucsd.edu/academics/index.html,0794.html,1
795,https://grad.ucsd.edu/admissions/programs.html,0795.html,1
796,https://admissions.ucsd.edu/why/colleges/index.html,0796.html,1
797,https://ucsd.edu/academics/academic-success.html,0797.html,1
798,https://digitallearning.ucsd.edu/,0798.html,1
799,https://extendedstudies.ucsd.edu/,0799.html,1
800,https://library.ucsd.edu/,0800.html,1
801,https://ucsd.edu/admissions-aid/index.html,0801.html,1
802,https://admissions.ucsd.edu/freshman,0802.html,1
803,https://admissions.ucsd.edu/transfer,0803.html,1
804,https://grad.ucsd.edu/admissions,0804.html,1
805,https://medschool.ucsd.edu/admissions/pages/default.aspx,0805.html,1
806,https://pharmacy.ucsd.edu/admissions/admissions-general-information?_ga=2.30262271.1964092055.1569959880-2067626670.1569959880,0806.html,1
807,https://fas.ucsd.edu/,0807.html,1
808,https://students.ucsd.edu/well-being/wellness-resources/student-parents,0808.html,1
809,https://ucsd.edu/arts/index.html,0809.html,1
810,https://ucsd.edu/arts/arts-connect/index.html,0810.html,1
811,https://ucsd.edu/arts/teaching-and-research/index.html,0811.html,1
812,https://ucsd.edu/arts/visual-arts/index.html,0812.html,1
813,https://ucsd.edu/arts/performing-arts/index.html,0813.html,1
814,https://ucsd.edu/research-innovation/index.html,0814.html,1
815,https://impact.ucsd.edu/,0815.html,1
816,https://ucsd.edu/research-innovation/protect-discovery.html,0816.html,1
817,https://ucsd.edu/research-innovation/artificial-intelligence.html,0817.html,1
818,https://ucsd.edu/research-innovation/climate-change.html,0818.html,1
819,https://ucsd.edu/research-innovation/research-areas/health-innovation/index.html,0819.html,1
820,https://ucsd.edu/research-innovation/student-opportunities.html,0820.html,1
821,https://ucsd.edu/student-life/index.html,0821.html,1
822,https://ucsd.edu/student-life/involvement-activities/index.html,0822.html,1
823,https://ucsd.edu/student-life/diversity/index.html,0823.html,1
824,https://calendar.ucsd.edu/student-life,0824.html,1
825,https://ucsd.edu/student-life/student-support.html,0825.html,1
826,https://studyabroad.ucsd.edu/,0826.html,1
827,https://career.ucsd.edu/,0827.html,1
828,https://ucsdtritons.com/,0828.html,1
829,https://ucsd.edu/support/index.html,0829.html,1
830,https://alumni.ucsd.edu/,0830.html,1
831,https://foundation.ucsd.edu/,0831.html,1
832,https://advancement.ucsd.edu/,0832.html,1
833,https://today.ucsd.edu/story/is-wilderness-orientation-the-ultimate-digital-detox,0833.html,1
834,https://freespeech.ucsd.edu/,0834.html,1
835,https://freespeech.ucsd.edu/policies/expressive-activities-info.html,0835.html,1
836,https://calendar.ucsd.edu/,0836.html,1
837,https://ucsd.edu/admissions-aid,0837.html,1
838,https://admissions.ucsd.edu/freshmen,0838.html,1
839,http://admissions.ucsd.edu/transfers/index.html,0839.html,1
840,http://grad.ucsd.edu/admissions,0840.html,1
841,https://meded.ucsd.edu/index.cfm/asa/admissions,0841.html,1
842,https://hwsph.ucsd.edu/,0842.html,1
843,https://extension.ucsd.edu/,0843.html,1
844,https://ucsd.edu/academics/index.html,0844.html,1
845,https://today.ucsd.edu/story/general-atomics-and-uc-san-diego-launch-fusion-data-science-and-digital-engineering-center,0845.html,1
846,https://ucsd.edu/campus-life/index.html,0846.html,1
847,http://ucsd.edu/,0847.html,1
848,https://accreditation.ucsd.edu/,0848.html,1
849,https://blink.ucsd.edu/,0849.html,1
850,https://maps.ucsd.edu/map/default.htm,0850.html,1
851,https://ucsd.edu/about/contact.html,0851.html,1
852,https://disabilities.ucsd.edu/,0852.html,1
853,https://ucsd.edu/about/emergency.html,0853.html,1
854,https://keyissues.ucsd.edu/,0854.html,1
855,https://transformation.ucsd.edu/,0855.html,1
856,https://ucsd.edu/about/principles.html,0856.html,1
857,https://www.facebook.com/UCSanDiego,0857.html,1
858,https://www.instagram.com/ucsandiego,0858.html,1
859,https://twitter.com/ucsandiego,0859.html,1
860,https://www.tiktok.com/@ucsandiego,0860.html,1
861,https://bsky.app/profile/ucsandiego.bsky.social,0861.html,1
862,https://artsandhumanities.ucsd.edu/,0862.html,1
863,https://biology.ucsd.edu/,0863.html,1
864,https://grad.ucsd.edu/,0864.html,1
865,https://undergrad.ucsd.edu/,0865.html,1
866,https://hsdsc.ucsd.edu/,0866.html,1
867,https://jacobsschool.ucsd.edu/,0867.html,1
868,https://physicalsciences.ucsd.edu/,0868.html,1
869,https://rady.ucsd.edu/,0869.html,1
870,https://gps.ucsd.edu/,0870.html,1
871,https://medschool.ucsd.edu/,0871.html,1
872,https://scripps.ucsd.edu/,0872.html,1
873,https://pharmacy.ucsd.edu/,0873.html,1
874,https://socialsciences.ucsd.edu/,0874.html,1
875,https://accessibility.ucsd.edu/report-a-concern/index.html,0875.html,1
876,https://ucsd.edu/about/privacy.html,0876.html,1
877,https://ucsd.edu/about/terms-of-use.html,0877.html,1
878,https://giving.ucsb.edu/?utm_source=ucsb-homepage&utm_medium=give-button&utm_campaign=giving-site,0878.html,1
879,https://www.ucsb.edu/directory,0879.html,1
880,https://www.ucsb.edu/a-z,0880.html,1
881,https://map.ucsb.edu/,0881.html,1
882,https://www.ucsb.edu/applying,0882.html,1
883,https://www.ucsb.edu/applying/undergraduate-admission,0883.html,1
884,https://www.ucsb.edu/applying/graduate-admission,0884.html,1
885,https://www.ucsb.edu/applying/international-students,0885.html,1
886,http://www.summer.ucsb.edu/,0886.html,1
887,https://extension.ucsb.edu/,0887.html,1
888,https://www.ucsb.edu/academics,0888.html,1
889,https://www.ucsb.edu/academics/undergraduate,0889.html,1
890,https://www.ucsb.edu/academics/graduate,0890.html,1
891,https://www.ucsb.edu/academics/professional-and-continuing-education,0891.html,1
892,https://www.ucsb.edu/academics/additional-opportunities,0892.html,1
893,https://www.ucsb.edu/academics/academic-departments-and-programs,0893.html,1
894,https://www.ucsb.edu/academics/academic-offices,0894.html,1
895,https://www.ucsb.edu/academics/mentorship-and-teaching,0895.html,1
896,https://www.ucsb.edu/research,0896.html,1
897,https://www.research.ucsb.edu/,0897.html,1
898,https://undergrad.research.ucsb.edu/,0898.html,1
899,https://www.library.ucsb.edu/,0899.html,1
900,http://www.news.ucsb.edu/?utm_source=ucsb-edu&utm_medium=main-nav-research,0900.html,1
901,https://www.research.ucsb.edu/organized-research-units,0901.html,1
902,https://www.ucsb.edu/research/research-in-60-seconds,0902.html,1
903,https://www.ucsb.edu/research/research-today-for-a-stronger-tomorrow,0903.html,1
904,https://www.ucsb.edu/campus-experience,0904.html,1
905,https://www.campuscalendar.ucsb.edu/,0905.html,1
906,http://ucsbgauchos.com/,0906.html,1
907,http://recreation.sa.ucsb.edu/,0907.html,1
908,https://www.ucsb.edu/campus-experience/housing-dining,0908.html,1
909,https://studentlife.sa.ucsb.edu/,0909.html,1
910,https://wellbeing.ucsb.edu/,0910.html,1
911,https://www.ucsb.edu/campus-experience/all-the-answers,0911.html,1
912,https://www.ucsb.edu/about,0912.html,1
913,https://www.ucsb.edu/about/majors-degrees-and-credentials,0913.html,1
914,https://www.ucsb.edu/about/facts-and-figures,0914.html,1
915,https://www.ucsb.edu/about/faculty-and-alumni,0915.html,1
916,https://www.ucsb.edu/about/history,0916.html,1
917,https://www.ucsb.edu/about/administration,0917.html,1
918,https://www.ucsb.edu/about/visit,0918.html,1
919,https://www.ucsb.edu/about/faq,0919.html,1
920,https://www.ucsb.edu/future-students,0920.html,1
921,https://www.ucsb.edu/students,0921.html,1
922,https://www.ucsb.edu/parents-and-visitors,0922.html,1
923,https://www.ucsb.edu/faculty-and-staff,0923.html,1
924,http://www.alumni.ucsb.edu/index.php?utm_source=ucsb-edu&utm_medium=quick-links,0924.html,1
925,https://maps.ucsb.edu/,0925.html,1
926,https://www.graddiv.ucsb.edu/,0926.html,1
927,https://news.ucsb.edu/2026/022535/grackle-research-reveals-behavioral-flexibility-and-adaptation-action,0927.html,1
928,https://news.ucsb.edu/2026/022529/new-exhibition-explores-many-lives-shakespeares-texts,0928.html,1
929,https://news.ucsb.edu/2026/022545/integrated-land-planning-necessary-meet-climate-food-and-biodiversity-goals,0929.html,1
930,https://news.ucsb.edu/2026/022544/capps-center-receives-grant-work-indigenous-repatriation,0930.html,1
931,http://www.news.ucsb.edu/?utm_source=ucsb-edu-homepage&utm_medium=more-news-button,0931.html,1
932,https://www.campuscalendar.ucsb.edu/?utm_source=ucsb-edu-homepage&utm_medium=more-events-button,0932.html,1
933,https://my.sa.ucsb.edu/catalog/Current/UndergraduateDegreeList.aspx,0933.html,1
934,http://www.graddiv.ucsb.edu/admissions,0934.html,1
935,http://admissions.sa.ucsb.edu/,0935.html,1
936,http://www.ucsb.edu/directory,0936.html,1
937,http://admissions.sa.ucsb.edu/applying/freshman,0937.html,1
938,https://my.sa.ucsb.edu/catalog/Current/GraduateDegrees.aspx,0938.html,1
939,http://admissions.sa.ucsb.edu/applying/transfer,0939.html,1
940,http://www.alumni.ucsb.edu/index.php?utm_source=ucsb-edu-homepage&utm_medium=popular-links,0940.html,1
941,https://www.tiktok.com/@ucsantabarbara,0941.html,1
942,https://x.com/ucsantabarbara,0942.html,1
943,https://www.instagram.com/ucsantabarbara,0943.html,1
944,https://www.youtube.com/c/ucsantabarbara,0944.html,1
945,https://www.facebook.com/ucsantabarbara,0945.html,1
946,https://brand.ucsb.edu/social-media/directory,0946.html,1
947,https://www.ucsb.edu/contact,0947.html,1
948,https://www.ucsb.edu/jobs,0948.html,1
949,http://admissions.sa.ucsb.edu/visit-ucsb/virtual-tours,0949.html,1
950,https://www.ucsb.edu/policies-and-disclosures,0950.html,1
951,https://titleix.ucsb.edu/,0951.html,1
952,https://www.ucsb.edu/terms-of-use,0952.html,1
953,https://www.ucsb.edu/accessibility,0953.html,1
954,https://www.ucsc.edu/about,0954.html,1
955,https://www.ucsc.edu/about/overview,0955.html,1
956,https://www.ucsc.edu/about/achievements-facts-and-figures,0956.html,1
957,https://www.ucsc.edu/about/leadership,0957.html,1
958,https://www.ucsc.edu/campus/mascot,0958.html,1
959,https://colleges.ucsc.edu/explore-the-colleges,0959.html,1
960,https://admissions.ucsc.edu/visit-ucsc/tours,0960.html,1
961,https://diversity.ucsc.edu/,0961.html,1
962,https://www.ucsc.edu/careers,0962.html,1
963,https://www.ucsc.edu/academics,0963.html,1
964,https://admissions.ucsc.edu/find-your-program,0964.html,1
965,https://www.gradadmissions.ucsc.edu/,0965.html,1
966,https://registrar.ucsc.edu/soc,0966.html,1
967,https://www.ucsc.edu/research,0967.html,1
968,https://officeofresearch.ucsc.edu/,0968.html,1
969,https://www.ucsc.edu/improving-lives,0969.html,1
970,https://undergradresearch.ucsc.edu/,0970.html,1
971,https://innovation.ucsc.edu/,0971.html,1
972,https://www.ucsc.edu/agricultural-experiment-station,0972.html,1
973,https://library.ucsc.edu/,0973.html,1
974,https://www.ucsc.edu/admissions,0974.html,1
975,https://admissions.ucsc.edu/,0975.html,1
976,https://apply.universityofcalifornia.edu/my-application/login,0976.html,1
977,https://financialaid.ucsc.edu/cost-to-attend/undergraduate-costs.html,0977.html,1
978,https://admission.universityofcalifornia.edu/tuition-financial-aid,0978.html,1
979,https://summer.ucsc.edu/,0979.html,1
980,https://www.ucsc-extension.edu/,0980.html,1
981,https://www.ucsc.edu/campus,0981.html,1
982,https://www.ucsc.edu/campus/visit,0982.html,1
983,https://studentsuccess.ucsc.edu/,0983.html,1
984,https://soar.ucsc.edu/,0984.html,1
985,https://www.ucsc.edu/resources,0985.html,1
986,https://admissions.ucsc.edu/posts/santa-cruz-area,0986.html,1
987,https://events.ucsc.edu/,0987.html,1
988,https://news.ucsc.edu/,0988.html,1
989,https://giving.ucsc.edu/,0989.html,1
990,https://news.ucsc.edu/2025/11/clarivate-2025,0990.html,1
991,https://news.ucsc.edu/2025/11/uc-santa-cruz-earns-multiple-awards-for-sustainability-excellence,0991.html,1
992,https://www.universityofcalifornia.edu/news/university-california-best-public-university-country-forbes-finds,0992.html,1
993,https://news.ucsc.edu/2026/04/california-trees-habitat-loss,0993.html,1
994,https://news.ucsc.edu/2026/04/desi-complete-3d-map,0994.html,1
995,https://news.ucsc.edu/2026/04/art-ecology-and-interconnection-uc-santa-cruz-launches-inaugural-earth-day-festival,0995.html,1
996,https://youtube.com/ucsantacruz,0996.html,1
997,https://financialaid.ucsc.edu/types-of-aid/index.html,0997.html,1
998,https://admissions.ucsc.edu/attend-ucsc,0998.html,1
999,https://www.facebook.com/ucsantacruz,0999.html,1
1000,https://instagram.com/ucsc,1000.html,1
1001,https://www.threads.net/@ucsc,1001.html,1
1002,https://www.tiktok.com/@ucsantacruz,1002.html,1
1003,https://www.ucsc.edu/feedback,1003.html,1
1004,https://giving.ucsf.edu/,1004.html,1
1005,https://www.ucsf.edu/search,1005.html,1
1006,https://www.ucsf.edu/about,1006.html,1
1007,https://www.ucsf.edu/about/mission-and-values,1007.html,1
1008,https://www.ucsf.edu/about/achievements,1008.html,1
1009,https://www.ucsf.edu/about/community-benefits,1009.html,1
1010,https://www.ucsf.edu/about/history-1,1010.html,1
1011,https://www.ucsf.edu/about/ucsf-budget,1011.html,1
1012,https://www.ucsf.edu/about/innovation,1012.html,1
1013,https://chancellor.ucsf.edu/leadership/chancellors-cabinet,1013.html,1
1014,https://chancellor.ucsf.edu/chancellor,1014.html,1
1015,https://evcprovost.ucsf.edu/,1015.html,1
1016,https://www.ucsf.edu/cgr,1016.html,1
1017,https://opportunity.ucsf.edu/,1017.html,1
1018,https://fas.ucsf.edu/,1018.html,1
1019,https://legal.ucsf.edu/,1019.html,1
1020,https://www.ucsf.edu/office-of-communications,1020.html,1
1021,https://www.ucsf.edu/about/locations,1021.html,1
1022,https://www.ucsf.edu/patient-care,1022.html,1
1023,https://www.ucsfbenioffchildrens.org/,1023.html,1
1024,https://www.ucsfdentalcenter.org/,1024.html,1
1025,https://psych.ucsf.edu/lpphc,1025.html,1
1026,https://www.ucsfhealth.org/clinics,1026.html,1
1027,https://www.ucsf.edu/patient-care/clinical-trials,1027.html,1
1028,https://www.ucsf.edu/research,1028.html,1
1029,https://www.ucsf.edu/research/partnerships,1029.html,1
1030,https://research.ucsf.edu/,1030.html,1
1031,https://innovation.ucsf.edu/,1031.html,1
1032,https://postdocs.ucsf.edu/,1032.html,1
1033,https://www.ucsf.edu/education,1033.html,1
1034,https://www.ucsf.edu/education/admissions,1034.html,1
1035,https://graduate.ucsf.edu/,1035.html,1
1036,http://dentistry.ucsf.edu/,1036.html,1
1037,https://medschool.ucsf.edu/,1037.html,1
1038,https://pharmacy.ucsf.edu/,1038.html,1
1039,https://nursing.ucsf.edu/,1039.html,1
1040,https://globalhealthsciences.ucsf.edu/,1040.html,1
1041,https://registrar.ucsf.edu/academic-calendar,1041.html,1
1042,https://career.ucsf.edu/,1042.html,1
1043,https://finaid.ucsf.edu/,1043.html,1
1044,https://catalog.ucsf.edu/,1044.html,1
1045,https://www.library.ucsf.edu/,1045.html,1
1046,https://registrar.ucsf.edu/,1046.html,1
1047,https://success.ucsf.edu/,1047.html,1
1048,https://www.ucsf.edu/news,1048.html,1
1049,https://magazine.ucsf.edu/magazine,1049.html,1
1050,https://www.ucsf.edu/campus-news,1050.html,1
1051,https://www.ucsf.edu/news/media-coverage,1051.html,1
1052,https://www.ucsf.edu/news-media/journalists,1052.html,1
1053,https://www.ucsfhealth.org/find-a-doctor,1053.html,1
1054,https://www.ucsfhealth.org/request-an-appointment,1054.html,1
1055,https://www.ucsfhealth.org/en/mychart,1055.html,1
1056,https://clinicaltrials.ucsf.edu/,1056.html,1
1057,https://www.ucsf.edu/about/working-ucsf,1057.html,1
1058,https://myaccess.ucsf.edu/,1058.html,1
1059,https://campuslifeservices.ucsf.edu/,1059.html,1
1060,https://hr.ucsf.edu/,1060.html,1
1061,https://it.ucsf.edu/,1061.html,1
1062,https://profiles.ucsf.edu/,1062.html,1
1063,https://remote.ucsf.edu/,1063.html,1
1064,https://www.ucsf.edu/saving-lives-with-science,1064.html,1
1065,https://www.ucsf.edu/topics/neurosciences,1065.html,1
1066,https://campuslifeserviceshome.ucsf.edu/transportation/parking,1066.html,1
1067,https://www.ucsf.edu/news/2026/04/431746/love-island-style-power-couple-2026-grad-slam,1067.html,1
1068,https://www.ucsf.edu/news/2026/04/431741/2-million-americans-future-type-1-diabetes-care-now,1068.html,1
1069,https://www.ucsf.edu/news/2026/03/431626/magic-mushrooms-lsd-peek-inside-medicines-psychedelic-promise,1069.html,1
1070,https://www.ucsf.edu/news/2026/03/431656/your-brain-aging-faster-you-are-sleep-may-hold-key,1070.html,1
1071,https://www.ucsf.edu/news/2026/03/431701/innovative-uc-health-tool-leads-better-blood-pressure-control,1071.html,1
1072,https://www.ucsf.edu/news/2026/03/431676/whats-driving-rise-red-tides-threaten-human-health,1072.html,1
1073,https://www.ucsf.edu/topics/alzheimers-and-dementia,1073.html,1
1074,https://www.ucsf.edu/topics/autism-and-sensory-processing-disorder,1074.html,1
1075,https://www.ucsf.edu/topics/cancer,1075.html,1
1076,https://www.ucsf.edu/topic/covid-19,1076.html,1
1077,https://www.ucsf.edu/topics/genetics-and-genomics,1077.html,1
1078,https://www.ucsf.edu/topics/heart-and-vascular,1078.html,1
1079,https://www.ucsf.edu/topics/microbiome,1079.html,1
1080,https://www.ucsf.edu/topics/multiple-sclerosis,1080.html,1
1081,https://www.ucsf.edu/topics/pain,1081.html,1
1082,https://www.ucsf.edu/topics/precision-medicine-and-personalized-medicine,1082.html,1
1083,https://www.ucsf.edu/topics/smoking-and-tobacco,1083.html,1
1084,https://www.ucsf.edu/topics/stem-cells,1084.html,1
1085,https://www.ucsf.edu/topics/wellness,1085.html,1
1086,https://calendar.ucsf.edu/,1086.html,1
1087,https://www.localist.com/?utm_source=widget&utm_campaign=widget_footer&utm_medium=branded%20link,1087.html,1
1088,https://campuslifeservices.ucsf.edu/transportation,1088.html,1
1089,https://www.youtube.com/ucsf,1089.html,1
1090,https://www.instagram.com/ucsf,1090.html,1
1091,https://www.facebook.com/ucsf,1091.html,1
1092,https://www.twitter.com/ucsf,1092.html,1
1093,https://www.ucsf.edu/cgr/advocacy,1093.html,1
1094,https://ucsfhealth.samaritan.com/,1094.html,1
1095,https://together.ucsf.edu/,1095.html,1
1096,https://www.ucsf.edu/subscribe-ucsf-news,1096.html,1
1097,https://websites.ucsf.edu/azlist,1097.html,1
1098,https://www.ucsf.edu/accessibility-resources,1098.html,1
1099,https://policies.ucsf.edu/,1099.html,1
1100,https://identity.ucsf.edu/,1100.html,1
1101,https://campuslifeserviceshome.ucsf.edu/,1101.html,1
1102,https://chancellor.ucsf.edu/,1102.html,1
1103,https://police.ucsf.edu/emergency-preparedness,1103.html,1
1104,https://directory.ucsf.edu/,1104.html,1
1105,https://police.ucsf.edu/,1105.html,1
1106,https://campuslifeservices.ucsf.edu/transportation/services/shuttles,1106.html,1
1107,https://www.ucsf.edu/sitemap,1107.html,1
1108,https://www.ucsf.edu/terms-of-use,1108.html,1
1109,https://www.ucsf.edu/feedback,1109.html,1
1110,https://admission.universityofcalifornia.edu/how-to-apply,1110.html,2
1111,https://www.universityofcalifornia.edu/news/only-uc,1111.html,2
1112,https://www.universityofcalifornia.edu/initiative/student-opportunity/first-generation-students,1112.html,2
1113,https://veterans.universityofcalifornia.edu/,1113.html,2
1114,https://www.universityofcalifornia.edu/student-success/firstgen/students,1114.html,2
1115,https://www.universityofcalifornia.edu/student-success/firstgen/faculty,1115.html,2
1116,https://www.universityofcalifornia.edu/student-success/firstgen/alumni,1116.html,2
1117,https://www.universityofcalifornia.edu/student-success/firstgen/staff,1117.html,2
1118,https://www.universityofcalifornia.edu/student-success/firstgen/leadership,1118.html,2
1119,https://www.universityofcalifornia.edu/student-success/firstgen/resources,1119.html,2
1120,https://www.universityofcalifornia.edu/student-success/firstgen/get-involved,1120.html,2
1121,https://graduate.universityofcalifornia.edu/,1121.html,2
1122,https://gradslam.universityofcalifornia.edu/,1122.html,2
1123,https://medium.com/@UofCalifornia/ten-game-changing-grad-student-startups-9a85def5cb90,1123.html,2
1124,https://graduate.universityofcalifornia.edu/degree-search,1124.html,2
1125,https://www.universityofcalifornia.edu/infocenter/doctoral-program,1125.html,2
1126,https://transfer.universityofcalifornia.edu/,1126.html,2
1127,https://www.universityofcalifornia.edu/news/uc-transfer-student-victor-andrade-transfer-strategy-kept-his-eyes-prize,1127.html,2
1128,https://www.universityofcalifornia.edu/news/uc-transfer-student-lakeysha-jackson,1128.html,2
1129,https://www.universityofcalifornia.edu/news/uc-transfer-student-shadoe-neri-dewitt-veterans-journey,1129.html,2
1130,https://www.universityofcalifornia.edu/news/uc-transfer-student-warif-kastoun-realizing-her-dreams,1130.html,2
1131,https://www.universityofcalifornia.edu/news/uc-transfer-student-brandon-sanchez-mejia-el-salvador-los-angeles-berkeley-london-and-beyond,1131.html,2
1132,https://www.universityofcalifornia.edu/news/uc-transfer-student-lynnelle-pantoja-rooted-central-valley,1132.html,2
1133,https://publichealth.berkeley.edu/students/students-create-health-education-initiative-for-afghan-refugees,1133.html,2
1134,https://www.youtube.com/watch?v=i_Yrlg1nUmU&t=1s,1134.html,2
1135,https://uroc.ucmerced.edu/,1135.html,2
1136,https://urop.uci.edu/,1136.html,2
1137,https://ugresearch.ucsd.edu/,1137.html,2
1138,https://ugr.ue.ucsc.edu/,1138.html,2
1139,https://undoc.universityofcalifornia.edu/financial-aid.html,1139.html,2
1140,https://undoc.universityofcalifornia.edu/campus-support.html,1140.html,2
1141,https://undocu.berkeley.edu/legal-support-overview,1141.html,2
1142,https://www.universityofcalifornia.edu/news/dr-jirayut-new-latthivongskorn-bridging-medicine-and-advocacy,1142.html,2
1143,https://www.universityofcalifornia.edu/about-us/information-center/uc-alumni-earnings,1143.html,2
1144,https://www.essence.com/fashion/shavone-future-of-creatives,1144.html,2
1145,https://uhs.berkeley.edu/student-mental-health,1145.html,2
1146,https://uhs.berkeley.edu/counseling/urgent,1146.html,2
1147,https://shcs.ucdavis.edu/services/counseling-services,1147.html,2
1148,https://counseling.uci.edu/contact-us/emergency-assistance,1148.html,2
1149,https://counseling.uci.edu/,1149.html,2
1150,https://bewellbruin.ucla.edu/help,1150.html,2
1151,https://counseling.ucmerced.edu/,1151.html,2
1152,https://counseling.ucmerced.edu/urgent-services,1152.html,2
1153,https://studentwellness.ucr.edu/emergency-resources,1153.html,2
1154,https://studentwellbeing.ucsd.edu/,1154.html,2
1155,https://caps.ucsd.edu/services/crisis.html,1155.html,2
1156,https://studentmentalhealth.ucsf.edu/,1156.html,2
1157,https://wellbeing.ucsb.edu/refer-student-distress,1157.html,2
1158,https://wellbeingcollective.ucsc.edu/,1158.html,2
1159,https://caps.ucsc.edu/   ,1159.html,2
1160,https://solunaapp.com/uc,1160.html,2
1161,https://csi.berkeley.edu/crp/ ,1161.html,2
1162,https://collegiaterecovery.ucla.edu/ ,1162.html,2
1163,https://well.ucr.edu/recovery ,1163.html,2
1164,https://healthpromotion.ucsd.edu/collegiate-recovery/index.html ,1164.html,2
1165,https://adp.sa.ucsb.edu/gfr ,1165.html,2
1166,https://shop.ucsc.edu/students-in-recovery/index.html ,1166.html,2
1167,https://universityofcalifornia.quorum.us/join,1167.html,2
1168,https://diversity.universityofcalifornia.edu/,1168.html,2
1169,https://sustainabilityreport.ucop.edu/,1169.html,2
1170,https://www.universityofcalifornia.edu/about-us/leadership/president-milliken,1170.html,2
1171,https://regents.universityofcalifornia.edu/about/members-and-advisors/bios/janet-reilly.html,1171.html,2
1172,https://senate.universityofcalifornia.edu/about/chair-bio.html,1172.html,2
1173,https://accountability.universityofcalifornia.edu/,1173.html,2
1174,https://www.ucop.edu/institutional-research-academic-planning/content-analysis/index.html,1174.html,2
1175,https://ucop.cisr.ucsc.edu/,1175.html,2
1176,https://www.universityofcalifornia.edu/about-us/information-center/dashboard-update-schedule,1176.html,2
1177,https://www.universityofcalifornia.edu/about-us/information-center/graduate-admissions,1177.html,2
1178,https://www.universityofcalifornia.edu/about-us/information-center/awards-and-proposals,1178.html,2
1179,https://www.universityofcalifornia.edu/about-us/information-center/uc-2030-dashboard,1179.html,2
1180,https://www.universityofcalifornia.edu/about-us/information-center/gap-analysis,1180.html,2
1181,https://www.universityofcalifornia.edu/about-us/information-center/admit-destinations,1181.html,2
1182,https://www.universityofcalifornia.edu/about-us/information-center/uc-repatriation-native-american-human-remains-and-cultural-items,1182.html,2
1183,https://www.universityofcalifornia.edu/about-us/information-center/revenue-and-expense-data,1183.html,2
1184,https://www.universityofcalifornia.edu/about-us/information-center/academic-staffing-ratios,1184.html,2
1185,https://www.universityofcalifornia.edu/about-us/information-center/UCNatureUseData,1185.html,2
1186,https://www.universityofcalifornia.edu/about-us/information-center/entry-level-writing-requirement-results,1186.html,2
1187,https://www.universityofcalifornia.edu/about-us/information-center?page=0,1187.html,2
1188,https://www.universityofcalifornia.edu/about-us/information-center?page=1,1188.html,2
1189,https://www.universityofcalifornia.edu/about-us/information-center?page=2,1189.html,2
1190,https://www.universityofcalifornia.edu/about-us/information-center?page=3,1190.html,2
1191,https://www.universityofcalifornia.edu/about-us/information-center?page=9,1191.html,2
1192,https://www.universityofcalifornia.edu/news/university-california-adopts-new-stronger-climate-action-goals,1192.html,2
1193,https://www.universityofcalifornia.edu/climate-lab,1193.html,2
1194,https://universityofcalifornia.quorum.us/campaign/researchbondmarch26?utm_source=quorum&utm_medium=web&utm_campaign=researchbondmarch26&utm_content=homepage,1194.html,2
1195,https://universityofcalifornia.quorum.us/campaign/marchbudget2026?utm_source=quorum&utm_medium=web&utm_campaign=march2026budget&utm_content=homepage,1195.html,2
1196,https://universityofcalifornia.quorum.us/campaign/sciencefunding?utm_source=ucwebsite&utm_medium=landingpage&utm_campaign=speakupforscience,1196.html,2
1197,https://www.universityofcalifornia.edu/get-involved/advocate/about-ucan,1197.html,2
1198,https://www.facebook.com/UCAdvocacyNetwork,1198.html,2
1199,https://twitter.com/UCAdvocacy,1199.html,2
1200,https://www.instagram.com/ucadvocacy,1200.html,2
1201,https://www.linkedin.com/company/uc-advocacy-network,1201.html,2
1202,https://universityofcalifornia.quorum.us/campaign/standupforuc?utm_source=ucwebsite&utm_medium=pledgebutton&utm_campaign=standupforuc,1202.html,2
1203,https://universityofcalifornia.quorum.us/campaign/shareyourucstory?utm_source=ucwebsite&utm_medium=storybutton&utm_campaign=standupforuc,1203.html,2
1204,https://www.universityofcalifornia.edu/get-involved/speak-up-for-science,1204.html,2
1205,https://www.universityofcalifornia.edu/news/cuts-federal-science-spending-will-cost-every-american,1205.html,2
1206,https://www.universityofcalifornia.edu/advocate/uc-votes/register,1206.html,2
1207,https://www.universityofcalifornia.edu/advocate/uc-votes/vote,1207.html,2
1208,https://www.universityofcalifornia.edu/for-california/uc-votes/register,1208.html,2
1209,https://www.universityofcalifornia.edu/for-california/uc-votes/vote,1209.html,2
1210,https://www.universityofcalifornia.edu/news/students-guide-voting-californias-special-election-nov-4,1210.html,2
1211,https://caearlyvoting.sos.ca.gov/,1211.html,2
1212,https://voterstatus.sos.ca.gov/,1212.html,2
1213,https://california.ballottrax.net/voter,1213.html,2
1214,https://www.sos.ca.gov/elections,1214.html,2
1215,https://www.rockthevote.org/how-to-vote,1215.html,2
1216,https://www.sos.ca.gov/elections/voter-registration/same-day-reg,1216.html,2
1217,https://ucnet.universityofcalifornia.edu/career-community/building-community/community-values/principles-of-community,1217.html,2
1218,https://www.universityofcalifornia.edu/press-room/uc-sponsors-sb-895-place-23-billion-bond-fund-scientific-research-california-november,1218.html,2
1219,https://www.universityofcalifornia.edu/press-room/message-uc-president-james-b-milliken-marking-100-days-together,1219.html,2
1220,https://www.universityofcalifornia.edu/press-room/statement-release-proposed-settlement-agreement-sent-department-justice-university,1220.html,2
1221,https://www.universityofcalifornia.edu/press-room/update-uc-president-james-b-milliken,1221.html,2
1222,https://www.universityofcalifornia.edu/press-room/letter-president-james-b-milliken-uc-community,1222.html,2
1223,https://www.universityofcalifornia.edu/federal-updates/leadership-statements,1223.html,2
1224,https://ucop.app.box.com/s/0797on829mptrfhuooqxy15z7l91z3dt,1224.html,2
1225,https://ucop.box.com/s/0jbjprx5b2xur4cocs1w849cpgrzn0m5,1225.html,2
1226,https://www.universityofcalifornia.edu/press-room/combating-antisemitism,1226.html,2
1227,https://regents.universityofcalifornia.edu/governance/policies/4403.html,1227.html,2
1228,https://oag.ca.gov/news/press-releases/attorney-general-bonta-california-schools-will-remain-welcoming-inclusive-safe,1228.html,2
1229,https://regents.universityofcalifornia.edu/governance/policies/4402.html,1229.html,2
1230,https://admission.universityofcalifornia.edu/tuition-financial-aid/apply-for-financial-aid/privacy-and-financial-aid.html,1230.html,2
1231,https://www.universityofcalifornia.edu/press-room/university-california-statement-international-students-visa-status-terminations,1231.html,2
1232,https://www.universityofcalifornia.edu/frequently-asked-questions-university-employees-about-possible-federal-immigration-enforcement,1232.html,2
1233,https://undoc.universityofcalifornia.edu/,1233.html,2
1234,https://www.universityofcalifornia.edu/federal-updates/research,1234.html,2
1235,https://www.universityofcalifornia.edu/press-room/ucop-statement-judges-temporary-restraining-order-halting-devastating-cuts-nih-research,1235.html,2
1236,https://admission.universityofcalifornia.edu/index.html,1236.html,2
1237,https://admission.universityofcalifornia.edu/admission-requirements/index.html,1237.html,2
1238,https://admission.universityofcalifornia.edu/how-to-apply/index.html,1238.html,2
1239,https://admission.universityofcalifornia.edu/tuition-financial-aid/index.html,1239.html,2
1240,https://admission.universityofcalifornia.edu/campuses-majors/index.html,1240.html,2
1241,https://twitter.com/uc_apply,1241.html,2
1242,https://admission.universityofcalifornia.edu/admission-requirements/first-year-requirements/index.html,1242.html,2
1243,https://admission.universityofcalifornia.edu/admission-requirements/first-year-requirements/subject-requirement-a-g.html,1243.html,2
1244,https://admission.universityofcalifornia.edu/admission-requirements/first-year-requirements/gpa-requirement.html,1244.html,2
1245,https://admission.universityofcalifornia.edu/admission-requirements/first-year-requirements/admission-by-exception.html,1245.html,2
1246,https://admission.universityofcalifornia.edu/admission-requirements/first-year-requirements/english-language-proficiency.html,1246.html,2
1247,https://admission.universityofcalifornia.edu/admission-requirements/first-year-requirements/uc-graduation-requirements.html,1247.html,2
1248,https://admission.universityofcalifornia.edu/admission-requirements/first-year-requirements/california-residents/index.html,1248.html,2
1249,https://admission.universityofcalifornia.edu/admission-requirements/first-year-requirements/out-of-state-students.html,1249.html,2
1250,https://admission.universityofcalifornia.edu/admission-requirements/first-year-requirements/home-schooled-students.html,1250.html,2
1251,https://admission.universityofcalifornia.edu/admission-requirements/transfer-requirements/index.html,1251.html,2
1252,https://admission.universityofcalifornia.edu/admission-requirements/transfer-requirements/understanding-uc-transfer/index.html,1252.html,2
1253,https://admission.universityofcalifornia.edu/admission-requirements/transfer-requirements/preparing-to-transfer/index.html,1253.html,2
1254,https://admission.universityofcalifornia.edu/admission-requirements/transfer-requirements/uc-transfer-programs/index.html,1254.html,2
1255,https://admission.universityofcalifornia.edu/admission-requirements/transfer-requirements/transfer-planning-tools,1255.html,2
1256,https://admission.universityofcalifornia.edu/admission-requirements/international-applicants/index.html,1256.html,2
1257,https://admission.universityofcalifornia.edu/admission-requirements/international-applicants/applying-for-admission/index.html,1257.html,2
1258,https://admission.universityofcalifornia.edu/admission-requirements/international-applicants/english-language-proficiency-toefl-ielts.html,1258.html,2
1259,https://admission.universityofcalifornia.edu/admission-requirements/international-applicants/passports-visas/index.html,1259.html,2
1260,https://admission.universityofcalifornia.edu/admission-requirements/international-applicants/living-accommodations.html,1260.html,2
1261,https://admission.universityofcalifornia.edu/admission-requirements/international-applicants/health-care-and-insurance.html,1261.html,2
1262,https://admission.universityofcalifornia.edu/admission-requirements/ap-exam-credits/index.html,1262.html,2
1263,https://admission.universityofcalifornia.edu/admission-requirements/ap-exam-credits/ap-credits/index.html,1263.html,2
1264,https://admission.universityofcalifornia.edu/admission-requirements/ap-exam-credits/ib-credits.html,1264.html,2
1265,https://admission.universityofcalifornia.edu/admission-requirements/ap-exam-credits/a-levels.html,1265.html,2
1266,https://admission.universityofcalifornia.edu/how-to-apply/applying-as-a-first-year/index.html,1266.html,2
1267,https://admission.universityofcalifornia.edu/how-to-apply/applying-as-a-first-year/filling-out-the-application.html,1267.html,2
1268,https://admission.universityofcalifornia.edu/how-to-apply/applying-as-a-first-year/dates-and-deadlines.html,1268.html,2
1269,https://admission.universityofcalifornia.edu/how-to-apply/applying-as-a-first-year/personal-insight-questions.html,1269.html,2
1270,https://admission.universityofcalifornia.edu/how-to-apply/applying-as-a-first-year/how-applications-are-reviewed.html,1270.html,2
1271,https://admission.universityofcalifornia.edu/how-to-apply/applying-as-a-first-year/after-you-apply/index.html,1271.html,2
1272,https://admission.universityofcalifornia.edu/how-to-apply/applying-as-a-transfer/index.html,1272.html,2
1273,https://admission.universityofcalifornia.edu/how-to-apply/applying-as-a-transfer/filling-out-the-application.html,1273.html,2
1274,https://admission.universityofcalifornia.edu/how-to-apply/applying-as-a-transfer/dates-and-deadlines.html,1274.html,2
1275,https://admission.universityofcalifornia.edu/how-to-apply/applying-as-a-transfer/personal-insight-questions.html,1275.html,2
1276,https://admission.universityofcalifornia.edu/how-to-apply/applying-as-a-transfer/how-applications-are-reviewed.html,1276.html,2
1277,https://admission.universityofcalifornia.edu/how-to-apply/applying-as-a-transfer/after-you-apply/index.html,1277.html,2
1278,https://admission.universityofcalifornia.edu/tuition-financial-aid/types-of-aid/index.html,1278.html,2
1279,https://admission.universityofcalifornia.edu/tuition-financial-aid/types-of-aid/grants-and-scholarship,1279.html,2
1280,https://admission.universityofcalifornia.edu/tuition-financial-aid/types-of-aid/loans.html,1280.html,2
1281,https://admission.universityofcalifornia.edu/tuition-financial-aid/types-of-aid/jobs-and-work-study.html,1281.html,2
1282,https://admission.universityofcalifornia.edu/tuition-financial-aid/types-of-aid/dream-loan-program.html,1282.html,2
1283,https://admission.universityofcalifornia.edu/tuition-financial-aid/types-of-aid/blue-and-gold-opportunity-plan.html,1283.html,2
1284,https://admission.universityofcalifornia.edu/tuition-financial-aid/types-of-aid/native-american-opportunity-plan.html,1284.html,2
1285,https://admission.universityofcalifornia.edu/tuition-financial-aid/types-of-aid/who-can-get-financial-aid/index.html,1285.html,2
1286,https://admission.universityofcalifornia.edu/tuition-financial-aid/how-aid-works.html,1286.html,2
1287,https://admission.universityofcalifornia.edu/tuition-financial-aid/estimate-your-aid.html,1287.html,2
1288,https://admission.universityofcalifornia.edu/tuition-financial-aid/apply-for-financial-aid/index.html,1288.html,2
1289,https://admission.universityofcalifornia.edu/tuition-financial-aid/tuition-cost-of-attendance/index.html,1289.html,2
1290,https://admission.universityofcalifornia.edu/tuition-financial-aid/glossary-and-resources.html,1290.html,2
1291,https://admission.universityofcalifornia.edu/campuses-majors/berkeley/index.html,1291.html,2
1292,https://admission.universityofcalifornia.edu/campuses-majors/davis/index.html,1292.html,2
1293,https://admission.universityofcalifornia.edu/campuses-majors/irvine/index.html,1293.html,2
1294,https://admission.universityofcalifornia.edu/campuses-majors/ucla/index.html,1294.html,2
1295,https://admission.universityofcalifornia.edu/campuses-majors/merced/index.html,1295.html,2
1296,https://admission.universityofcalifornia.edu/campuses-majors/riverside/index.html,1296.html,2
1297,https://admission.universityofcalifornia.edu/campuses-majors/san-diego/index.html,1297.html,2
1298,https://admission.universityofcalifornia.edu/campuses-majors/santa-barbara/index.html,1298.html,2
1299,https://admission.universityofcalifornia.edu/campuses-majors/santa-cruz/index.html,1299.html,2
1300,https://admission.universityofcalifornia.edu/campuses-majors/campus-programs-and-support-services/index.html,1300.html,2
1301,https://admission.universityofcalifornia.edu/campuses-majors/majors/index.html,1301.html,2
1302,https://admission.universityofcalifornia.edu/campuses-majors/first-year-admit-data.html,1302.html,2
1303,https://admission.universityofcalifornia.edu/campuses-majors/transfer-admit-data.html,1303.html,2
1304,https://admission.universityofcalifornia.edu/admission-requirements/transfer-requirements/transfer-planning-tools/index.html,1304.html,2
1305,https://admission.universityofcalifornia.edu/tuition-financial-aid/types-of-aid/grants-and-scholarship/index.html,1305.html,2
1306,https://100students.universityofcalifornia.edu/,1306.html,2
1307,https://www.instagram.com/ucirvine,1307.html,2
1308,https://www.instagram.com/alexucimartinez,1308.html,2
1309,https://universityofcalifornia.edu/,1309.html,2
1310,https://admission.universityofcalifornia.edu/counselors,1310.html,2
1311,https://admission.universityofcalifornia.edu/contact-us.html,1311.html,2
1312,https://www.ucop.edu/accessibility/index.html,1312.html,2
1313,https://admission.universityofcalifornia.edu/terms-of-use.html,1313.html,2
1314,https://alumni.berkeley.edu/,1314.html,2
1315,https://www.alumni.ucdavis.edu/,1315.html,2
1316,https://engage.alumni.uci.edu/s,1316.html,2
1317,https://alumni.ucmerced.edu/,1317.html,2
1318,https://alumni.ucsf.edu/,1318.html,2
1319,https://www.alumni.ucsb.edu/,1319.html,2
1320,https://alumni.ucsc.edu/,1320.html,2
1321,https://www.universityofcalifornia.edu/get-involved/alumni/alumni-career-network,1321.html,2
1322,https://ucop.edu/alumni-constituent-affairs/systemwide-alumni-groups/uc-chicanx-latinx-alumni-association/summits/index.html,1322.html,2
1323,https://www.ucop.edu/alumni-constituent-affairs/staff-contacts/aauc-officers-alumni-regents/index.html,1323.html,2
1324,https://jobs.universityofcalifornia.edu/search?multiple_locations=1,1324.html,2
1325,https://www.facebook.com/sharer/sharer.php?u=https%3A%2F%2Fjobs.ucla.edu%2Fjobs%2F9635,1325.html,2
1326,https://twitter.com/share?url=https%3A%2F%2Fjobs.ucla.edu%2Fjobs%2F9635;text=Software%20Developer%2C%20Workplace%20IT%20Products,1326.html,2
1327,https://careers-uci.icims.com/jobs/146737/job,1327.html,2
1328,https://www.facebook.com/sharer/sharer.php?u=https%3A%2F%2Fcareers-uci.icims.com%2Fjobs%2F146737%2Fjob,1328.html,2
1329,https://twitter.com/share?url=https%3A%2F%2Fcareers-uci.icims.com%2Fjobs%2F146737%2Fjob;text=Manager%2C%20Care%20Management%20FVR%2FPLA%20-%20FT%20-Days,1329.html,2
1330,https://careerspub.universityofcalifornia.edu/psc/ucm/EMPLOYEE/HRMS/c/HRS_HRAM_FL.HRS_CG_SEARCH_FL.GBL?Page=HRS_APP_JBPST_FL&JobOpeningId=85725&PostingSeq=1&SiteId=25&languageCd=ENG&FOCUS=Applicant,1330.html,2
1331,https://www.facebook.com/sharer/sharer.php?u=https%3A%2F%2Fcareerspub.universityofcalifornia.edu%2Fpsc%2Fucm%2FEMPLOYEE%2FHRMS%2Fc%2FHRS_HRAM_FL.HRS_CG_SEARCH_FL.GBL%3FPage%3DHRS_APP_JBPST_FL%26JobOpeningId%3D85725%26PostingSeq%3D1%26SiteId%3D25%26languageCd%3DENG%26FOCUS%3DApplicant,1331.html,2
1332,https://twitter.com/share?url=https%3A%2F%2Fcareerspub.universityofcalifornia.edu%2Fpsc%2Fucm%2FEMPLOYEE%2FHRMS%2Fc%2FHRS_HRAM_FL.HRS_CG_SEARCH_FL.GBL%3FPage%3DHRS_APP_JBPST_FL%26JobOpeningId%3D85725%26PostingSeq%3D1%26SiteId%3D25%26languageCd%3DENG%26FOCUS%3DApplicant;text=BioSafety%20Officer%20%26%20High%20Containment%20Lab%20Director%20%28Onsite%29,1332.html,2
1333,https://jobsportal.ucr.edu/jobs/37366737,1333.html,2
1334,https://www.facebook.com/sharer/sharer.php?u=https%3A%2F%2Fjobsportal.ucr.edu%2Fjobs%2F37366737,1334.html,2
1335,https://twitter.com/share?url=https%3A%2F%2Fjobsportal.ucr.edu%2Fjobs%2F37366737;text=Director%20of%20Project%20Management,1335.html,2
1336,https://www.facebook.com/sharer/sharer.php?u=https%3A%2F%2Fwww.uclahealthcareers.org%2Fwp-content%2Fuploads%2Fsites%2F3192%2F2026%2F03%2FAVP-CHRO-UCOP-Short-Position-Profile-Ad-3.20.26._AccessibilityApproved.pdf,1336.html,2
1337,https://twitter.com/share?url=https%3A%2F%2Fwww.uclahealthcareers.org%2Fwp-content%2Fuploads%2Fsites%2F3192%2F2026%2F03%2FAVP-CHRO-UCOP-Short-Position-Profile-Ad-3.20.26._AccessibilityApproved.pdf;text=Associate%20Vice%20President%20and%20Chief%20Human%20Resources%20Officer,1337.html,2
1338,https://www.imsearch.com/open-searches/university-california-office-president/vice-president-systemwide-shared-services,1338.html,2
1339,https://www.facebook.com/sharer/sharer.php?u=https%3A%2F%2Fwww.imsearch.com%2Fopen-searches%2Funiversity-california-office-president%2Fvice-president-systemwide-shared-services,1339.html,2
1340,https://twitter.com/share?url=https%3A%2F%2Fwww.imsearch.com%2Fopen-searches%2Funiversity-california-office-president%2Fvice-president-systemwide-shared-services;text=Vice%20President%2C%20Systemwide%20Shared%20Services,1340.html,2
1341,https://ucnet.universityofcalifornia.edu/working-at-uc/our-values/diversity.html,1341.html,2
1342,https://ucnet.universityofcalifornia.edu/compensation-and-benefits/index.html,1342.html,2
1343,https://www.ucop.edu/academic-personnel-programs/programs-and-initiatives/academic-job-openings/index.html,1343.html,2
1344,http://www.ucop.edu/terms/index.html,1344.html,2
1345,https://www.universityofcalifornia.edu/news/next-generation-california-researchers-share-their-passions-grad-slam,1345.html,2
1346,https://www.universityofcalifornia.edu/news/investing-future-california-science,1346.html,2
1347,https://www.universityofcalifornia.edu/news/stop-and-go-science-researchers-pivot-try-salvage-important-work,1347.html,2
1348,https://www.universityofcalifornia.edu/news/threat-californias-native-tree-loss-greater-current-estimates-0,1348.html,2
1349,https://www.universityofcalifornia.edu/news/uc-scholars-and-alumni-elected-american-academy-arts-and-sciences,1349.html,2
1350,https://www.universityofcalifornia.edu/news/graduate-research-takes-center-stage-uc-grad-slam,1350.html,2
1351,https://www.universityofcalifornia.edu/news/states-first-solar-canal-project-moves-uc-merced-lab-real-world,1351.html,2
1352,https://www.universityofcalifornia.edu/news/portable-tb-test-matches-lab-accuracy-just-minutes,1352.html,2
1353,https://www.universityofcalifornia.edu/news/uc-davis-receives-75m-historic-gift-support-veterinary-medicine,1353.html,2
1354,https://www.universityofcalifornia.edu/news/4-uc-scientists-honored-oscars-science-2026-breakthrough-prizes,1354.html,2
1355,https://www.universityofcalifornia.edu/news/rewriting-story-estrogen,1355.html,2
1356,https://www.universityofcalifornia.edu/news/water-warming-and-world-risk,1356.html,2
1357,https://www.universityofcalifornia.edu/news/desi-completes-largest-high-resolution-3d-map-universe-date,1357.html,2
1358,https://www.universityofcalifornia.edu/news/largest-us-study-finds-teen-cannabis-use-linked-slower-cognitive-development,1358.html,2
1359,https://www.universityofcalifornia.edu/news?page=0,1359.html,2
1360,https://www.universityofcalifornia.edu/news?page=1,1360.html,2
1361,https://www.universityofcalifornia.edu/news?page=2,1361.html,2
1362,https://www.universityofcalifornia.edu/news?page=3,1362.html,2
1363,https://www.universityofcalifornia.edu/news?page=126,1363.html,2
1364,https://news.berkeley.edu/2024/02/01/highly-targeted-crispr-delivery-advances-gene-editing-in-living-animals,1364.html,2
1365,https://www.ucdavis.edu/blog/genome-editing-used-create-disease-resistant-rice,1365.html,2
1366,https://mind.uci.edu/jpc_cellstemcell,1366.html,2
1367,https://newsroom.ucla.edu/stories/tiny-crispr-tool-faster-simpler-plant-genome-editing,1367.html,2
1368,https://entomology.ucr.edu/news/2023/02/02/how-crispr-could-help-save-crops-devastation-caused-pests,1368.html,2
1369,https://today.ucsd.edu/story/mobes,1369.html,2
1370,https://www.ucsfbenioffchildrens.org/providers/dr-mark-walters,1370.html,2
1371,https://innovativegenomics.org/,1371.html,2
1372,https://curesickle.org/crispr-scd,1372.html,2
1373,https://stemcell.ucla.edu/member-directory/donald-b-kohn-md,1373.html,2
1374,https://innovativegenomics.org/people/jennifer-doudna,1374.html,2
1375,https://sicklecell.ucsf.edu/,1375.html,2
1376,https://www.universityofcalifornia.edu/news/quest-reinvent-anesthesia,1376.html,2
1377,https://www.universityofcalifornia.edu/news/study-improves-understanding-food-safety-risks-california-central-coast-produce,1377.html,2
1378,http://berkeley.edu/,1378.html,2
1379,https://earthquakes.berkeley.edu/,1379.html,2
1380,https://earthquakes.berkeley.edu/seismo.overview.html,1380.html,2
1381,https://earthquakes.berkeley.edu/seismo.people.html,1381.html,2
1382,https://earthquakes.berkeley.edu/seismo.directions.html,1382.html,2
1383,https://earthquakes.berkeley.edu/seismo.press.search.html,1383.html,2
1384,https://earthquakes.berkeley.edu/ERA,1384.html,2
1385,https://earthquakes.berkeley.edu/seismo.seminar.html,1385.html,2
1386,https://earthquakes.berkeley.edu/annual_report/index.html,1386.html,2
1387,https://earthquakes.berkeley.edu/seismo.support.html,1387.html,2
1388,https://earthquakes.berkeley.edu/seismo.positions.html,1388.html,2
1389,https://earthquakes.berkeley.edu/outreach/index.html,1389.html,2
1390,https://earthquakes.berkeley.edu/seismo.real.time.map.html,1390.html,2
1391,https://earthquakes.berkeley.edu/eqInfo/index.html,1391.html,2
1392,https://earthquakes.berkeley.edu/research/data_products.html,1392.html,2
1393,https://earthquakes.berkeley.edu/eqInfo/faq.html,1393.html,2
1394,http://myshake.berkeley.edu/,1394.html,2
1395,https://earthquakes.berkeley.edu/hayward/index.html,1395.html,2
1396,https://earthquakes.berkeley.edu/seismo.eqinfo.html,1396.html,2
1397,https://earthquakes.berkeley.edu/eqInfo/be_prepared.html,1397.html,2
1398,https://earthquakes.berkeley.edu/eqInfo/videos.search.html,1398.html,2
1399,https://earthquakes.berkeley.edu/eqInfo/index_historic_quakes.html,1399.html,2
1400,http://rallen.berkeley.edu/,1400.html,2
1401,https://eps.berkeley.edu/people/douglas-dreger,1401.html,2
1402,https://bsl-group.github.io/,1402.html,2
1403,http://eps.berkeley.edu/people/bruce-buffett,1403.html,2
1404,https://earthquakes.berkeley.edu/earthquake/research.html,1404.html,2
1405,https://www.deep-earth.org/,1405.html,2
1406,https://earthquakes.berkeley.edu/theses/index.html,1406.html,2
1407,https://earthquakes.berkeley.edu/networks/index.html,1407.html,2
1408,https://earthquakes.berkeley.edu/research/tremorscope.html,1408.html,2
1409,https://ncedc.org/waveformDisplay,1409.html,2
1410,https://earthquakes.berkeley.edu/seismo.paper.records.html,1410.html,2
1411,http://ncedc.org/,1411.html,2
1412,https://earthquakes.berkeley.edu/blog/index.html,1412.html,2
1413,https://doi.org/10.1146/annurev-earth-053018-060457,1413.html,2
1414,https://earthquakes.berkeley.edu/research/eew_keypubs.html,1414.html,2
1415,https://www.shakealert.org/,1415.html,2
1416,https://earthquakes.berkeley.edu/research/eew_elarms.html,1416.html,2
1417,https://earthquakes.berkeley.edu/research/eew_glarms.html,1417.html,2
1418,https://earthquakes.berkeley.edu/research/eew_around_the_world.html,1418.html,2
1419,https://earthquakes.berkeley.edu/research/eew_timeline.html,1419.html,2
1420,https://news.berkeley.edu/2026/02/12/how-the-berkeley-seismology-lab-turns-data-into-disaster-prevention?utm_source=Berkeleyan&utm_campaign=d42558d9e6-berkeleyan_COPY_01&utm_medium=email&utm_term=0_99ee3800d7-d42558d9e6-389501884,1420.html,2
1421,https://www.kqed.org/,1421.html,2
1422,https://www.kqed.org/science/1999633/scientists-say-san-ramons-latest-earthquake-swarm-is-normal-but-residents-are-on-edge,1422.html,2
1423,https://www.cbsnews.com/,1423.html,2
1424,https://www.cbsnews.com/sanfrancisco/news/bay-area-earthquake-overnight-near-berkeley-oakland,1424.html,2
1425,https://news.berkeley.edu/2024/03/05/seismic-station-on-remote-farallon-islands-gets-critical-upgrade,1425.html,2
1426,https://earthquakes.berkeley.edu/blog/2021/05/05/alerts-for-the-whole-west-coast.html,1426.html,2
1427,https://earthquakes.berkeley.edu/blog/2019/10/23/extremely-useful-but-not-a-perfect-system.html,1427.html,2
1428,https://earthquakes.berkeley.edu/blog/2019/10/17/earthquake-early-warning-is-finally-here.html,1428.html,2
1429,https://earthquakes.berkeley.edu/blog/2019/07/10/it-worked-and-it-did-not.html,1429.html,2
1430,https://earthquakes.berkeley.edu/blog/2016/01/28/temblors-and-politics.html,1430.html,2
1431,https://earthquakes.berkeley.edu/blog/2014/09/10/earthquakes-high-tech-and-tinkerers.html,1431.html,2
1432,https://earthquakes.berkeley.edu/blog/2014/04/19/what-mexico-has-california-is-lacking.html,1432.html,2
1433,https://earthquakes.berkeley.edu/blog/2012/10/12/shaken-but-not-stirred.html,1433.html,2
1434,https://earthquakes.berkeley.edu/blog/2012/10/02/shaking-expected-in-30-seconds.html,1434.html,2
1435,https://earthquakes.berkeley.edu/blog/2012/09/28/slow-trains-and-earthquakes.html,1435.html,2
1436,https://earthquakes.berkeley.edu/outreach/faq.html,1436.html,2
1437,https://earthquakes.berkeley.edu/outreach/be_prepared.html,1437.html,2
1438,https://x.com/berkeleyseismo,1438.html,2
1439,https://x.com/myshakeapp,1439.html,2
1440,https://earthquakes.berkeley.edu/blog,1440.html,2
1441,https://earthquakes.berkeley.edu/privacy-policy.html,1441.html,2
1442,http://www.berkeley.edu/,1442.html,2
1443,https://www.llnl.gov/purpose,1443.html,2
1444,https://www.llnl.gov/science-technology,1444.html,2
1445,https://www.llnl.gov/join-our-team,1445.html,2
1446,https://www.llnl.gov/partner,1446.html,2
1447,https://www.llnl.gov/news,1447.html,2
1448,https://www.llnl.gov/community-education,1448.html,2
1449,https://www.llnl.gov/about,1449.html,2
1450,https://www.llnl.gov/purpose/management-sponsors,1450.html,2
1451,https://www.llnl.gov/purpose/history,1451.html,2
1452,https://www.llnl.gov/purpose/history/1950s,1452.html,2
1453,https://www.llnl.gov/purpose/history/1960s,1453.html,2
1454,https://www.llnl.gov/purpose/history/1970s,1454.html,2
1455,https://www.llnl.gov/purpose/history/1980s,1455.html,2
1456,https://www.llnl.gov/purpose/history/1990s,1456.html,2
1457,https://www.llnl.gov/purpose/history/2000s,1457.html,2
1458,https://www.llnl.gov/purpose/history/2010s,1458.html,2
1459,https://www.llnl.gov/purpose/history/2020s,1459.html,2
1460,https://www.llnl.gov/science-technology/advanced-materials-manufacturing,1460.html,2
1461,https://www.llnl.gov/science-technology/bioscience-bioengineering,1461.html,2
1462,https://www.llnl.gov/science-technology/earth-atmospheric-science,1462.html,2
1463,https://www.llnl.gov/science-technology/facilities-centers,1463.html,2
1464,https://www.llnl.gov/science-technology/high-energy-density-science,1464.html,2
1465,https://www.llnl.gov/science-technology/hpc-simulation-data-science,1465.html,2
1466,https://www.llnl.gov/science-technology/laser-optical-science-technology,1466.html,2
1467,https://www.llnl.gov/science-technology/nuclear-chemical-isotopic-science-technology,1467.html,2
1468,https://www.llnl.gov/join-our-team/careers,1468.html,2
1469,https://www.llnl.gov/join-our-team/careers/career-areas,1469.html,2
1470,https://www.llnl.gov/join-our-team/careers/student-internship-veteran-programs,1470.html,2
1471,https://www.llnl.gov/join-our-team/careers/llns-postdoc-fellowship-programs,1471.html,2
1472,https://www.llnl.gov/join-our-team/careers/events-resources,1472.html,2
1473,https://www.llnl.gov/join-our-team/careers/lca-notifications,1473.html,2
1474,https://www.llnl.gov/join-our-team/careers/affiliate-opportunities,1474.html,2
1475,https://www.llnl.gov/join-our-team/careers/accessibility,1475.html,2
1476,https://www.llnl.gov/join-our-team/culture,1476.html,2
1477,https://www.llnl.gov/partner-us/ogea,1477.html,2
1478,https://www.llnl.gov/news/media-contacts,1478.html,2
1479,https://www.llnl.gov/news/media-library,1479.html,2
1480,https://www.llnl.gov/news/publications,1480.html,2
1481,https://www.llnl.gov/news/lab-report,1481.html,2
1482,https://www.llnl.gov/news/fact-sheets,1482.html,2
1483,https://www.llnl.gov/news/social-media,1483.html,2
1484,https://www.llnl.gov/community-education/discovery-center,1484.html,2
1485,https://www.llnl.gov/community-education/community-giving,1485.html,2
1486,https://education.llnl.gov/,1486.html,2
1487,https://enviroinfo.llnl.gov/,1487.html,2
1488,https://www.llnl.gov/community-education/employee-retirement-resources,1488.html,2
1489,https://www.llnl.gov/community-education/employee-retirement-resources/want-ads,1489.html,2
1490,https://www.llnl.gov/community/retiree-employee-resources/in-memoriam,1490.html,2
1491,https://www.llnl.gov/community-education/tours,1491.html,2
1492,https://www.llnl.gov/about/leadership,1492.html,2
1493,https://www.llnl.gov/about/impact,1493.html,2
1494,https://www.llnl.gov/about/by-the-numbers,1494.html,2
1495,https://www.llnl.gov/about/organizations,1495.html,2
1496,https://www.llnl.gov/about/organizations/operations-business,1496.html,2
1497,https://www.llnl.gov/about/protocol-special-events,1497.html,2
1498,https://www.llnl.gov/about/visiting,1498.html,2
1499,https://www.llnl.gov/about/directions,1499.html,2
1500,https://www.llnl.gov/about/contact,1500.html,2
1501,https://www.llnl.gov/missions,1501.html,2
1502,https://st.llnl.gov/,1502.html,2
1503,https://www.llnl.gov/doing-business,1503.html,2
1504,https://careers.llnl.gov/,1504.html,2
1505,https://www.llnl.gov/community,1505.html,2
1506,https://www.llnl.gov/news/podcasts,1506.html,2
1507,https://www.llnl.gov/news/highlights,1507.html,2
1508,https://www.llnl.gov/news/highlights/el-capitan-high-performance-computing,1508.html,2
1509,https://str.llnl.gov/str-december-2024/introducing-el-capitan,1509.html,2
1510,https://www.llnl.gov/article/52946/doe-secretary-wright-gets-close-look-innovation-action-during-llnl-visit,1510.html,2
1511,https://youtu.be/K7ccgEoJnuM,1511.html,2
1512,https://computing.llnl.gov/about/newsroom/llnl-honored-sc25-hpcwire-and-hyperion-research-awards-computing-excellence,1512.html,2
1513,https://www.llnl.gov/article/53636/llnl-ut-ucsd-win-gordon-bell-prize-exascale-tsunami-forecasting,1513.html,2
1514,https://www.llnl.gov/article/53626/gordon-bell-finalist-team-pushes-scale-rocket-simulation-el-capitan,1514.html,2
1515,https://www.llnl.gov/article/53596/el-capitan-retains-title-worlds-fastest-supercomputer-latest-top500-list,1515.html,2
1516,https://top500.org/,1516.html,2
1517,https://www.llnl.gov/article/53581/llnl-partners-launch-record-breaking-protein-folding-workflow-worlds-fastest-supercomputer,1517.html,2
1518,https://interestingengineering.com/science/us-tsunami-forecasting-system,1518.html,2
1519,https://www.rdworldonline.com/llnl-touts-ai-agent-to-help-with-fusion-target-design,1519.html,2
1520,https://www.axios.com/2025/01/10/lawrence-livermore-lab-supercomputer,1520.html,2
1521,https://www.nextgov.com/emerging-tech/2025/01/el-capitan-supercomputer-ready-handle-nuclear-stockpile-and-ai-workflows/402088,1521.html,2
1522,https://computing.llnl.gov/,1522.html,2
1523,https://engineering.llnl.gov/,1523.html,2
1524,https://gs.llnl.gov/,1524.html,2
1525,https://lasers.llnl.gov/,1525.html,2
1526,https://pls.llnl.gov/,1526.html,2
1527,https://sd.llnl.gov/,1527.html,2
1528,https://www.llnl.gov/about/emergency-communication,1528.html,2
1529,https://fcoi.llnl.gov/,1529.html,2
1530,https://www.llnl.gov/disclaimer,1530.html,2
1531,https://www.llnl.gov/copyright-and-reuse,1531.html,2
1532,https://www.llnl.gov/sitemap,1532.html,2
1533,https://www.facebook.com/livermore.lab,1533.html,2
1534,https://www.instagram.com/livermore_lab,1534.html,2
1535,http://www.linkedin.com/company/4994?trk=tyah,1535.html,2
1536,https://www.twitter.com/Livermore_Lab,1536.html,2
1537,https://www.youtube.com/user/LivermoreLab,1537.html,2
1538,https://www.energy.gov/vulnerability-disclosure-policy,1538.html,2
1539,http://www.llnsllc.com/,1539.html,2
1540,https://www.energy.gov/,1540.html,2
1541,https://www.energy.gov/nnsa/national-nuclear-security-administration,1541.html,2
1542,https://www.llnl.gov/website-privacy-notice,1542.html,2
1543,https://www.ucdmc.ucdavis.edu/children,1543.html,2
1544,https://www.universityofcalifornia.edu/news/given-2-years-live-patient-colorectal-cancer-gets-his-life-back-through-clinical-trial-leading,1544.html,2
1545,https://today.ucsd.edu/story/bionic-hand-sparks-resilience-in-patient-after-electrocution-accident,1545.html,2
1546,https://www.universityofcalifornia.edu/news/how-artificial-intelligence-gave-paralyzed-woman-her-voice-back,1546.html,2
1547,https://www.ucsfbenioffchildrens.org/patient-stories/broken-neck-recovery,1547.html,2
1548,https://www.cityofsacramento.gov/fire,1548.html,2
1549,https://health.ucdavis.edu/news/headlines/new-nicu-unit-cares-for-the-smallest-of-preemies/2024/06,1549.html,2
1550,https://physicians.ucdavis.edu/medicalcenter/details/43025/steven-steve-mcelroy-neonatal-perinatal_medicine-sacramento,1550.html,2
1551,https://www.universityofcalifornia.edu/news/closer-look-heart-health,1551.html,2
1552,https://www.universityofcalifornia.edu/news/beyond-shade-ucla-researchers-improve-radiant-cooling-make-outdoor-temperatures-feel-cooler,1552.html,2
1553,https://health.ucdavis.edu/news/headlines/2-year-old-graduates-from-groundbreaking-spina-bifida-clinical-trial/2024/11,1553.html,2
1554,https://www.uclahealth.org/news/release/fda-approves-immunotherapy-drug-combo-non-muscle-invasive,1554.html,2
1555,https://newsroom.ucla.edu/stories/ucla-was-pivotal-in-developing-the-drug-palbociclib-see-how-it-transformed-breast-cancer-treatment,1555.html,2
1556,https://health.ucsd.edu/news/press-releases/2024-10-16-study-breast-cancer-drug-shows-potential-for-rare-appendix-cancer,1556.html,2
1557,https://www.universityofcalifornia.edu/news/uc-san-franciscos-stephen-hauser-wins-breakthrough-prize-role-redefining-ms,1557.html,2
1558,https://profiles.ucsf.edu/simon.little,1558.html,2
1559,https://www.ucsf.edu/news/2024/08/428246/taming-parkinsons-disease-intelligent-brain-pacemakers,1559.html,2
1560,https://profiles.ucsf.edu/philip.starr,1560.html,2
1561,https://www.ucsf.edu/news/2024/04/427391/new-parkinsons-treatment-helps-former-pro-keep-skateboarding,1561.html,2
1562,https://www.universityofcalifornia.edu/news/menopause-having-moment-and-medicine-finally-catching,1562.html,2
1563,https://seer.cancer.gov/statfacts/html/all.html,1563.html,2
1564,https://seer.cancer.gov/statfacts/html/common.html,1564.html,2
1565,https://cancerprogressreport.aacr.org/progress/cpr23-contents/cpr23-executive-summary,1565.html,2
1566,https://www.nih.gov/about-nih/what-we-do/impact-nih-research/serving-society/spurring-economic-growth,1566.html,2
1567,https://www.universityofcalifornia.edu/news/12-amazing-uc-discoveries-2024,1567.html,2
1568,https://news.uci.edu/2024/05/28/uc-irvine-study-reveals-circadian-clock-can-be-leveraged-to-enhance-cancer-immunotherapy,1568.html,2
1569,https://www.universityofcalifornia.edu/press-room/uc-supports-legal-action-against-misguided-plan-cut-vital-nih-research-funds,1569.html,2
1570,https://health.universityofcalifornia.edu/patient-care/comprehensive-cancer-centers,1570.html,2
1571,https://news.berkeley.edu/2018/10/01/uc-berkeley-research-led-to-nobel-prize-winning-immunotherapy,1571.html,2
1572,https://today.ucsd.edu/story/stem-cell-derived-therapy-shows-promise-against-treatment-resistant-liver-cancer,1572.html,2
1573,https://www.ucsf.edu/news/2024/02/427081/judo-move-scientists-use-cancers-strength-fight-against-it,1573.html,2
1574,https://www.google.com/url?client=internal-element-cse&cx=006142056215064927360:qqvc-py3r80&q=https://www.ucsf.edu/news/2024/04/427426/gene-therapy-halting-cancer-can-it-work-against-brain-tumors&sa=U&ved=2ahUKEwjd6c3G-9WLAxU5mO4BHZhzM5oQFnoECAEQAg&usg=AOvVaw3vQivsXa3kWauxQIWkBFLu,1574.html,2
1575,https://vcresearch.berkeley.edu/news/scientists-find-trigger-sets-metastasis-pancreatic-cancer,1575.html,2
1576,https://news.ucr.edu/articles/2024/01/04/scientists-tame-chaotic-protein-fueling-75-cancers,1576.html,2
1577,https://pmc.ncbi.nlm.nih.gov/articles/PMC4525717,1577.html,2
1578,https://www.universityofcalifornia.edu/news/jennifer-doudna-receives-national-medal-technology-and-innovation,1578.html,2
1579,https://www.youtube.com/watch?v=EweZY_M-8HI&t=2s,1579.html,2
1580,https://www.universityofcalifornia.edu/news/finch-chirps-are-more-mindless-chatter-they-actually-convey-meaning,1580.html,2
1581,https://www.universityofcalifornia.edu/news/tracking-uv-ditching-spf-heres-what-dermatologist-says,1581.html,2
1582,https://fps.ucdavis.edu/strawberrypatent.cfm,1582.html,2
1583,https://strawberry.ucdavis.edu/,1583.html,2
1584,https://news.ucr.edu/articles/2023/07/10/ucr-releases-new-avocado-tree-world-marketplace,1584.html,2
1585,https://itc.ucdavis.edu/strawberry-licensing-program,1585.html,2
1586,https://ucdavis.box.com/s/gz1rpyoz2h4l9nutzuq6eg99ujnf41j3,1586.html,2
1587,https://www.universityofcalifornia.edu/news/wheat-makes-its-own-fertilizer,1587.html,2
1588,https://www.universityofcalifornia.edu/news/uc-faculty-and-alums-behind-13-times-best-inventions-2025,1588.html,2
1589,https://ucanr.edu/node/98094,1589.html,2
1590,https://www.ucdavis.edu/food/news/big-data-comes-to-dinner,1590.html,2
1591,https://news.ucmerced.edu/news/2025/sensor-provides-cheap-smart-way-monitor-how-much-water-crops-need,1591.html,2
1592,https://news.ucr.edu/articles/2025/03/20/triggering-parasitic-plant-suicide-help-farmers,1592.html,2
1593,https://ucanr.edu/News?routeName=newsstory&postnum=58245,1593.html,2
1594,https://ucanr.edu/News?routeName=newsstory&postnum=60554,1594.html,2
1595,https://ucanr.edu/news?routeName=newsstory&postnum=60057,1595.html,2
1596,https://plantpathology.ucdavis.edu/people/alejandro-hernandez-rosas,1596.html,2
1597,https://ucanr.edu/node/97287,1597.html,2
1598,https://ucanr.edu/node/97303,1598.html,2
1599,https://ucanr.edu/node/98096,1599.html,2
1600,https://ucanr.edu/node/97737,1600.html,2
1601,https://www.growingthevalleypodcast.com/,1601.html,2
1602,https://ucanr.edu/node/97928,1602.html,2
1603,https://www.universityofcalifornia.edu/news/10-awesome-discoveries-uc-research-2025,1603.html,2
1604,https://www.universityofcalifornia.edu/news/prescribed-burning-helps-store-forest-carbon-big-fire-resistant-trees,1604.html,2
1605,https://news.berkeley.edu/2025/02/24/uc-berkeley-falcons-annie-and-archie-are-missing-is-avian-flu-the-cause?utm_source=Berkeleyan&utm_campaign=7190e87fd5-berkeleyan_COPY_01&utm_medium=email&utm_term=0_99ee3800d7-7190e87fd5-390432338,1605.html,2
1606,https://www.vetmed.ucdavis.edu/news/avian-flu-grand-rounds-summary,1606.html,2
1607,https://www.ucdavis.edu/climate/news/avian-influenza-virus-adapting-spread-marine-mammals,1607.html,2
1608,https://health.universityofcalifornia.edu/news/pandemic-preparedness-how-university-california-critical-state-partner-health-security,1608.html,2
1609,https://insideucr.ucr.edu/stories/2025/01/29/global-panel-build-community-resilience-health-threats,1609.html,2
1610,https://www.universityofcalifornia.edu/news/discovery-uc-plant-geneticist-now-feeding-millions,1610.html,2
1611,https://health.universityofcalifornia.edu/research/clinical-trials/what-are-clinical-trials-and-how-do-they-work,1611.html,2
1612,https://health.universityofcalifornia.edu/patient-care/academic-health-centers,1612.html,2
1613,https://health.universityofcalifornia.edu/patient-care/cardiac-surgery-consortium,1613.html,2
1614,https://health.universityofcalifornia.edu/education,1614.html,2
1615,https://health.universityofcalifornia.edu/dashboards,1615.html,2
1616,https://health.universityofcalifornia.edu/reports,1616.html,2
1617,https://health.universityofcalifornia.edu/about-us/uc-prime,1617.html,2
1618,https://clinicaltrials.ucbraid.org/,1618.html,2
1619,https://health.universityofcalifornia.edu/refer-patient,1619.html,2
1620,https://ucghi.universityofcalifornia.edu/,1620.html,2
1621,https://health.universityofcalifornia.edu/patient-care,1621.html,2
1622,https://health.universityofcalifornia.edu/patient-care/academic-health-centers/uc-davis-health,1622.html,2
1623,https://health.universityofcalifornia.edu/patient-care/academic-health-centers/uc-san-diego-health,1623.html,2
1624,https://health.universityofcalifornia.edu/patient-care/academic-health-centers/uci-health,1624.html,2
1625,https://health.universityofcalifornia.edu/patient-care/academic-health-centers/ucla-health,1625.html,2
1626,https://health.universityofcalifornia.edu/patient-care/academic-health-centers/ucr-health,1626.html,2
1627,https://health.universityofcalifornia.edu/patient-care/academic-health-centers/ucsf-health,1627.html,2
1628,https://health.universityofcalifornia.edu/patient-care/childrens-hospitals,1628.html,2
1629,https://health.universityofcalifornia.edu/patient-care/milk-bank,1629.html,2
1630,https://health.universityofcalifornia.edu/education/dentistry,1630.html,2
1631,https://health.universityofcalifornia.edu/education/medicine,1631.html,2
1632,https://health.universityofcalifornia.edu/education/nursing,1632.html,2
1633,https://health.universityofcalifornia.edu/education/optometry,1633.html,2
1634,https://health.universityofcalifornia.edu/education/pharmacy,1634.html,2
1635,https://health.universityofcalifornia.edu/education/public-health,1635.html,2
1636,https://health.universityofcalifornia.edu/education/veterinary-medicine,1636.html,2
1637,https://health.universityofcalifornia.edu/research,1637.html,2
1638,https://health.universityofcalifornia.edu/research/areas-research-collaboration,1638.html,2
1639,https://health.universityofcalifornia.edu/research/clinical-trials,1639.html,2
1640,https://health.universityofcalifornia.edu/about-us,1640.html,2
1641,https://health.universityofcalifornia.edu/match-made-and-california,1641.html,2
1642,https://health.universityofcalifornia.edu/news/how-putting-pharmacists-center-benefiting-patients,1642.html,2
1643,https://health.universityofcalifornia.edu/news/watch-valley-valley-dr-monique-atwals-uc-prime-journey,1643.html,2
1644,https://health.universityofcalifornia.edu/news/uc-health-opens-doors-economic-mobility-and-healthier-communities-californians,1644.html,2
1645,https://www.linkedin.com/company/university-of-california-health,1645.html,2
1646,https://twitter.com/UofCahealth,1646.html,2
1647,https://health.universityofcalifornia.edu/news,1647.html,2
1648,https://health.universityofcalifornia.edu/contact-us,1648.html,2
1649,https://health.universityofcalifornia.edu/careers,1649.html,2
1650,https://health.universityofcalifornia.edu/about-us/social-media,1650.html,2
1651,https://health.universityofcalifornia.edu/terms-and-conditions-use,1651.html,2
1652,https://health.universityofcalifornia.edu/nondiscrimination-policy,1652.html,2
1653,https://health.universityofcalifornia.edu/accessibility,1653.html,2
1654,https://health.ucdavis.edu/patients-visitors,1654.html,2
1655,https://health.ucdavis.edu/healthcare-professionals,1655.html,2
1656,https://health.ucdavis.edu/schools-programs,1656.html,2
1657,https://health.ucdavis.edu/research,1657.html,2
1658,https://health.ucdavis.edu/news,1658.html,2
1659,https://health.ucdavis.edu/about,1659.html,2
1660,https://health.ucdavis.edu/giving,1660.html,2
1661,https://hr.ucdavis.edu/,1661.html,2
1662,https://health.ucdavis.edu/login,1662.html,2
1663,https://physicians.ucdavis.edu/medicalcenter,1663.html,2
1664,https://health.ucdavis.edu/referrals,1664.html,2
1665,https://health.ucdavis.edu/patients-visitors/services-specialties/telehealth,1665.html,2
1666,https://health.ucdavis.edu/contact,1666.html,2
1667,https://health.ucdavis.edu/patients-visitors/services-specialties/a-z,1667.html,2
1668,https://health.ucdavis.edu/pharmacy/pharmacy-locations,1668.html,2
1669,https://physicians.ucdavis.edu/,1669.html,2
1670,https://health.ucdavis.edu/medical-school/academic-programs/residents-fellows/residencies-fellowships,1670.html,2
1671,https://health.ucdavis.edu/participate,1671.html,2
1672,https://health.ucdavis.edu/healthcare-professionals/news/topic/clinical-science,1672.html,2
1673,https://health.ucdavis.edu/medical-school,1673.html,2
1674,https://health.ucdavis.edu/nursing,1674.html,2
1675,https://studypages.com/ucdavis/home,1675.html,2
1676,https://health.ucdavis.edu/research/news,1676.html,2
1677,https://health.ucdavis.edu/news/es,1677.html,2
1678,https://health.ucdavis.edu/news/features,1678.html,2
1679,https://health.ucdavis.edu/news/for-journalists/contact,1679.html,2
1680,https://health.ucdavis.edu/leadership/executive-leadership,1680.html,2
1681,https://health.ucdavis.edu/awards/aboutus,1681.html,2
1682,https://health.ucdavis.edu/strategic-plan,1682.html,2
1683,https://health.ucdavis.edu/about/facts-figures,1683.html,2
1684,https://health.ucdavis.edu/aboutus/150th-anniversary,1684.html,2
1685,https://health.ucdavis.edu/welcome/commitment-to-underserved,1685.html,2
1686,https://health.ucdavis.edu/community-relations,1686.html,2
1687,https://diversity.ucdavis.edu/principles-community,1687.html,2
1688,https://health.ucdavis.edu/community-relations/advisory-board-overview,1688.html,2
1689,https://health.ucdavis.edu/join-the-team,1689.html,2
1690,https://hr.ucdavis.edu/careers/nursing,1690.html,2
1691,https://health.ucdavis.edu/nursing/ourteam/join/index.html,1691.html,2
1692,https://health.ucdavis.edu/nursing/ourteam/volunteer_clinical_faculty.html,1692.html,2
1693,https://recruit.ucdavis.edu/apply,1693.html,2
1694,https://health.ucdavis.edu/gme/application.html,1694.html,2
1695,https://jobs.universityofcalifornia.edu/?action=home,1695.html,2
1696,https://health.ucdavis.edu/medical-center,1696.html,2
1697,https://health.ucdavis.edu/children,1697.html,2
1698,https://www.ucdavisrehabhospital.com/,1698.html,2
1699,https://health.ucdavis.edu/cancer,1699.html,2
1700,https://health.ucdavis.edu/mindinstitute,1700.html,2
1701,https://health.ucdavis.edu/believe-in-better,1701.html,2
1702,https://health.ucdavis.edu/welcome/news/topic/health-and-technology,1702.html,2
1703,https://health.ucdavis.edu/welcome/news/headlines/vascular-surgery-resident-receives-grant-to-develop-ai-model-to-assess-surgical-technical-skills/2026/04,1703.html,2
1704,https://health.ucdavis.edu/welcome/news/topic/gastro-liver,1704.html,2
1705,https://health.ucdavis.edu/welcome/news/headlines/new-national-data-ranks-uc-davis-health-among-the-nations-top-liver-transplant-programs/2026/04,1705.html,2
1706,https://health.ucdavis.edu/welcome/news/topic/eye-health-and-vision-science,1706.html,2
1707,https://health.ucdavis.edu/welcome/news/headlines/identifying-genetic-causes-of-blindness-in-people-and-macaques-/2026/04,1707.html,2
1708,https://health.ucdavis.edu/welcome/news/topic/mind-institute,1708.html,2
1709,https://health.ucdavis.edu/welcome/news/headlines/toxic-pcbs-sex-biased-genes-and-the-developing-brain/2026/04,1709.html,2
1710,https://health.ucdavis.edu/welcome/news/headlines/cold-hands-warm-heart--researchers-solve-medical-mystery-of-why-trpm4-mutations-affect-skin-and-heart-differently/2026/05,1710.html,2
1711,https://health.ucdavis.edu/welcome/news/topic/research,1711.html,2
1712,https://giving.ucdavis.edu/,1712.html,2
1713,https://health.ucdavis.edu/medical-center/news/headlines/uc-davis-health-earns-prestigious-magnet-designation-for-third-time/2023/06,1713.html,2
1714,https://health.ucdavis.edu/cancer/about/comprehensive-designation-nci.html,1714.html,2
1715,https://health.ucdavis.edu/news/headlines/uc-davis-health-recognized-as-an-lgbtq-healthcare-equity-leader/2024/05,1715.html,2
1716,https://www.youtube.com/ucdavishealth,1716.html,2
1717,https://www.facebook.com/UCDavisHealth,1717.html,2
1718,https://www.linkedin.com/company/uc-davis-health,1718.html,2
1719,https://twitter.com/UCDavisHealth,1719.html,2
1720,https://www.instagram.com/ucdavishealth,1720.html,2
1721,https://health.ucdavis.edu/medical-group,1721.html,2
1722,https://health.ucdavis.edu/patients-visitors/insurance-billing/financial-assistance,1722.html,2
1723,https://health.ucdavis.edu/news/public-reporting/chargemaster,1723.html,2
1724,https://health.ucdavis.edu/conditions/infectious-diseases/viral-infections/covid-19,1724.html,2
1725,https://health.ucdavis.edu/legal,1725.html,2
1726,https://health.ucdavis.edu/contact/digital-accessibility-form,1726.html,2
1727,"https://www.google.com/maps/dir//4301+X+Street,+Sacramento,+CA+95817/@38.5536375,-121.4575672,17z/data=!3m2!4b1!5s0x809ad07cda872d07:0x5f26da684f78b234!4m9!4m8!1m0!1m5!1m1!1s0x809ad07b61a69c5f:0xafd10ea1f63dceb1!2m2!1d-121.4553785!2d38.5536333!3e2",1727.html,2
1728,https://myucsdchart.ucsd.edu/,1728.html,2
1729,https://health.ucsd.edu/care,1729.html,2
1730,https://health.ucsd.edu/care/primary-care,1730.html,2
1731,https://health.ucsd.edu/care/walk-in-same-day,1731.html,2
1732,https://health.ucsd.edu/care/cancer,1732.html,2
1733,https://health.ucsd.edu/care/heart-vascular,1733.html,2
1734,https://health.ucsd.edu/care/orthopedics,1734.html,2
1735,https://health.ucsd.edu/care/gynecology,1735.html,2
1736,https://health.ucsd.edu/find-a-provider,1736.html,2
1737,https://health.ucsd.edu/locations,1737.html,2
1738,https://health.ucsd.edu/care/imaging,1738.html,2
1739,https://health.ucsd.edu/care/lab,1739.html,2
1740,https://health.ucsd.edu/insurance-billing,1740.html,2
1741,https://health.ucsd.edu/insurance-billing/accepted-health-plans,1741.html,2
1742,https://health.ucsd.edu/insurance-billing/financial-assistance,1742.html,2
1743,https://health.ucsd.edu/make-an-appointment,1743.html,2
1744,https://health.ucsd.edu/care/emergency-trauma/er,1744.html,2
1745,https://health.ucsd.edu/about-us/hillcrest-redevelopment,1745.html,2
1746,https://apps.apple.com/us/app/myucsdhealth/id1245809639,1746.html,2
1747,https://play.google.com/store/apps/details?id=edu.ucsd.myucsdchart,1747.html,2
1748,https://health.ucsd.edu/news,1748.html,2
1749,https://health.ucsd.edu/news/features/a-life-saving-gift-understanding-organ-donation,1749.html,2
1750,https://health.ucsd.edu/news/features/why-every-second-counts--an-expert-qa-about-stroke-care,1750.html,2
1751,https://health.ucsd.edu/news/features/the-power-of-altruism-ailanis-life-saving-gift,1751.html,2
1752,https://www.instagram.com/ucsdhealth,1752.html,2
1753,https://health.ucsd.edu/for-health-care-professionals/nursing,1753.html,2
1754,https://health.ucsd.edu/about-us/quality-safety/awards-achievements/us-news-rankings,1754.html,2
1755,https://health.ucsd.edu/patients,1755.html,2
1756,https://health.ucsd.edu/patients/medical-records,1756.html,2
1757,https://health.ucsd.edu/patients/events,1757.html,2
1758,https://health.ucsd.edu/patients/visitors,1758.html,2
1759,https://health.ucsd.edu/care/international,1759.html,2
1760,https://health.ucsd.edu/patients/places-to-stay/family-houses,1760.html,2
1761,https://health.ucsd.edu/about-us,1761.html,2
1762,https://health.ucsd.edu/about-us/quality-safety,1762.html,2
1763,https://health.ucsd.edu/about-us/leadership,1763.html,2
1764,https://health.ucsd.edu/about-us/quality-safety/awards-achievements,1764.html,2
1765,https://health.ucsd.edu/insurance-billing/standard-charges,1765.html,2
1766,https://health.ucsd.edu/support,1766.html,2
1767,https://health.ucsd.edu/support/volunteer,1767.html,2
1768,https://health.ucsd.edu/patients/places-to-stay/family-houses/how-to-help,1768.html,2
1769,https://giving.ucsd.edu/support/health-medicine.html,1769.html,2
1770,https://health.ucsd.edu/for-health-care-professionals,1770.html,2
1771,https://health.ucsd.edu/for-health-care-professionals/transfers-referrals-consultations,1771.html,2
1772,https://health.ucsd.edu/care/clinical-trials,1772.html,2
1773,https://health.ucsd.edu/for-health-care-professionals/education-training,1773.html,2
1774,https://health.ucsd.edu/giving,1774.html,2
1775,https://health.ucsd.edu/covid,1775.html,2
1776,https://health.ucsd.edu/about-us/contact-us,1776.html,2
1777,https://www.linkedin.com/company/ucsdhealth,1777.html,2
1778,https://www.facebook.com/UCSDHealth,1778.html,2
1779,https://www.youtube.com/user/UCSDMedicalCenter,1779.html,2
1780,https://x.com/UCSDHealth,1780.html,2
1781,https://health.ucsd.edu/policies-notices,1781.html,2
1782,https://health.ucsd.edu/policies-notices/privacy,1782.html,2
1783,https://health.ucsd.edu/policies-notices/accessibility,1783.html,2
1784,https://health.ucsd.edu/policies-notices/legal,1784.html,2
1785,https://health.ucsd.edu/patients/interpreter-language,1785.html,2
1786,https://medschool.ucsd.edu/Pages/default.aspx,1786.html,2
1787,https://www.ucihealth.org/website-privacy-policy,1787.html,2
1788,https://ondemandcare.ucihealth.org/,1788.html,2
1789,https://www.ucihealth.org/online-bill-payment,1789.html,2
1790,https://www.ucihealth.org/about-us/news,1790.html,2
1791,https://www.ucihealth.org/giving,1791.html,2
1792,https://www.ucihealth.org/patient-login,1792.html,2
1793,https://www.ucihealth.org/schedule,1793.html,2
1794,https://www.ucihealth.org/search?searchType=providers,1794.html,2
1795,https://www.ucihealth.org/clinicians,1795.html,2
1796,https://www.ucihealth.org/search?searchType=providers&specialties=Cancer%20Care,1796.html,2
1797,https://www.ucihealth.org/search?searchType=providers&specialties=Cardiology%20Services,1797.html,2
1798,https://www.ucihealth.org/search?searchType=providers&specialties=Dermatology,1798.html,2
1799,https://www.ucihealth.org/search?searchType=providers&specialties=Chao%20Digestive%20Health%20Institute,1799.html,2
1800,https://www.ucihealth.org/search?searchType=providers&specialties=Neurology%20and%20Neurosurgery,1800.html,2
1801,https://www.ucihealth.org/search?searchType=providers&programs=Neurosurgery,1801.html,2
1802,https://www.ucihealth.org/search?searchType=providers&programs=Ophthalmology,1802.html,2
1803,https://www.ucihealth.org/search?searchType=providers&specialties=Orthopaedic%20Care,1803.html,2
1804,https://www.ucihealth.org/search?searchType=providers&specialties=Primary%20Care,1804.html,2
1805,https://www.ucihealth.org/search?searchType=providers&programs=Radiology,1805.html,2
1806,https://www.ucihealth.org/search?searchType=providers&specialties=Surgery,1806.html,2
1807,https://www.ucihealth.org/search?searchType=locations,1807.html,2
1808,https://www.ucihealth.org/locations,1808.html,2
1809,https://www.ucihealth.org/search?searchType=locations&location=none&facility_type=Medical%20Clinic,1809.html,2
1810,https://www.ucihealth.org/search?searchType=locations&location=none&facility_type=Hospital,1810.html,2
1811,https://www.ucihealth.org/search?searchType=locations&location=none&facility_type=Emergency%20Room,1811.html,2
1812,https://www.ucihealth.org/search?searchType=locations&location=none&facility_type=Laboratory,1812.html,2
1813,https://www.ucihealth.org/locations/orange/uci-medical-center,1813.html,2
1814,https://www.ucihealth.org/locations/irvine/acute-care-hospital,1814.html,2
1815,https://www.ucihealth.org/locations/irvine/gavin-herbert-eye-institute,1815.html,2
1816,https://www.ucihealth.org/locations/irvine/center-for-advanced-care,1816.html,2
1817,https://www.ucihealth.org/locations/irvine/irvine-rehabilitation-hospital,1817.html,2
1818,https://www.ucihealth.org/search?searchType=services,1818.html,2
1819,https://www.ucihealth.org/medical-services,1819.html,2
1820,https://www.ucihealth.org/medical-services/specialties/cancer-care,1820.html,2
1821,https://www.ucihealth.org/medical-services/specialties/digestive-health-institute,1821.html,2
1822,https://www.ucihealth.org/medical-services/specialties/dermatology,1822.html,2
1823,https://www.ucihealth.org/medical-services/specialties/cardiology,1823.html,2
1824,https://www.ucihealth.org/medical-services/specialties/neurology-and-neurosurgery,1824.html,2
1825,https://www.ucihealth.org/medical-services/programs/neurosurgery,1825.html,2
1826,https://www.ucihealth.org/medical-services/programs/spine,1826.html,2
1827,https://www.ucihealth.org/medical-services/specialties/surgery,1827.html,2
1828,https://www.ucihealth.org/medical-services/specialties/orthopaedics,1828.html,2
1829,https://www.ucihealth.org/medical-services/specialties/ear-nose-throat-ent,1829.html,2
1830,https://www.ucihealth.org/medical-services/programs/ophthalmology,1830.html,2
1831,https://www.ucihealth.org/medical-services/specialties/primary-care,1831.html,2
1832,https://www.ucihealth.org/medical-services/programs/pathology,1832.html,2
1833,https://www.ucihealth.org/medical-services/programs/womens-health,1833.html,2
1834,https://www.ucihealth.org/medical-services/programs/radiology,1834.html,2
1835,https://www.ucihealth.org/search?searchType=services&service_type=Services,1835.html,2
1836,https://www.ucihealth.org/search?searchType=services&service_type=Conditions,1836.html,2
1837,https://www.ucihealth.org/search?searchType=services&service_type=Treatments%20%26%20Diagnostics,1837.html,2
1838,https://www.ucihealth.org/medical-services/programs/same-day-care/oncall-virtual-visits,1838.html,2
1839,https://www.ucihealth.org/medical-services/specialties/urgent-care-services,1839.html,2
1840,https://www.ucihealth.org/medical-services/programs/walk-in-care,1840.html,2
1841,https://www.ucihealth.org/patients-and-visitors/visiting-uci-health/hotels,1841.html,2
1842,https://www.ucihealth.org/patients-and-visitors/visiting-uci-health/parking,1842.html,2
1843,https://www.ucihealth.org/patients-and-visitors/visiting-uci-health/gift-flower-shop/gift-shop,1843.html,2
1844,https://www.ucihealth.org/patients-and-visitors/visiting-uci-health/waiting-areas,1844.html,2
1845,https://www.ucihealth.org/patients-and-visitors/visiting-uci-health/dining,1845.html,2
1846,https://www.ucihealth.org/patients-and-visitors/visiting-uci-health/commitment-to-quality,1846.html,2
1847,https://www.ucihealth.org/patients-and-visitors/visiting-uci-health/contact-patient-form,1847.html,2
1848,https://www.ucihealth.org/patients-and-visitors/information-for-patients/medical-records,1848.html,2
1849,https://www.ucihealth.org/patients-and-visitors/information-for-patients/before-your-appointment,1849.html,2
1850,https://www.ucihealth.org/patients-and-visitors/information-for-patients/your-inpatient-stay,1850.html,2
1851,https://www.ucihealth.org/patients-and-visitors/information-for-patients/pharmacy,1851.html,2
1852,https://www.ucihealth.org/patients-and-visitors/visiting-uci-health/code-of-conduct,1852.html,2
1853,https://www.ucihealth.org/patients-and-visitors/visiting-uci-health/disability-access,1853.html,2
1854,https://www.ucihealth.org/patients-and-visitors/information-for-patients/patient-equity-reports,1854.html,2
1855,https://www.ucihealth.org/patients-and-visitors/information-for-patients/patient-safety,1855.html,2
1856,https://www.ucihealth.org/patients-and-visitors/information-for-patients/patients-responsibilities,1856.html,2
1857,https://www.ucihealth.org/patients-and-visitors/information-for-patients/patients-rights,1857.html,2
1858,https://www.ucihealth.org/patients-and-visitors/visiting-uci-health/report-sexual-misconduct,1858.html,2
1859,https://www.ucihealth.org/patients-and-visitors/financial-resources/financial-assistance,1859.html,2
1860,https://www.ucihealth.org/patients-and-visitors/financial-resources/insurance,1860.html,2
1861,https://www.ucihealth.org/patients-and-visitors/financial-resources/price-transparency,1861.html,2
1862,https://www.ucihealth.org/patients-and-visitors/financial-resources,1862.html,2
1863,https://www.ucihealth.org/about-us,1863.html,2
1864,https://www.ucihealth.org/clinical-trials,1864.html,2
1865,https://www.ucihealth.org/about-us/contact,1865.html,2
1866,https://www.ucihealth.org/patients-and-visitors,1866.html,2
1867,https://www.ucihealth.org/search?searchType=blogPosts&blog_categories=Breakthroughs,1867.html,2
1868,https://www.ucihealth.org/search?searchType=blogPosts&blog_categories=Health%20Tips,1868.html,2
1869,https://www.ucihealth.org/search?searchType=blogPosts&blog_categories=Patient%20Stories,1869.html,2
1870,https://www.ucihealth.org/search?searchType=blogPosts&blog_categories=Recipes,1870.html,2
1871,https://www.ucihealth.org/health-and-wellness,1871.html,2
1872,https://www.ucihealth.org/health-and-wellness/events,1872.html,2
1873,https://www.ucihealth.org/blog,1873.html,2
1874,https://www.ucihealth.org/medical-services/programs/same-day-care,1874.html,2
1875,https://www.ucihealth.org/get-care-now,1875.html,2
1876,https://www.ucihealth.org/about-us/news/2026/04/ventricular-assist-device-program-credentialed,1876.html,2
1877,https://www.ucihealth.org/about-us/news/2026/04/donate-life,1877.html,2
1878,https://www.ucihealth.org/about-us/news/2026/04/gaps-in-burn-care,1878.html,2
1879,https://www.ucihealth.org/blog/2026/04/won-lee-stroke-survivor,1879.html,2
1880,https://www.ucihealth.org/blog/2026/04/karen-patterson-paired-exchange-kidney-transplant,1880.html,2
1881,https://www.ucihealth.org/blog/2026/04/chris-checchio-kidney-donor,1881.html,2
1882,https://www.ucihealth.org/search?searchType=clinicalTrials,1882.html,2
1883,https://www.ucihealth.org/quality-safety-and-patient-satisfaction,1883.html,2
1884,https://medschool.uci.edu/education/medical-education/cme,1884.html,2
1885,https://www.ucihealth.org/healthcare-professionals/nursing,1885.html,2
1886,https://www.ucihealth.org/healthcare-professionals,1886.html,2
1887,https://www.ucihealth.org/healthcare-professionals/refer,1887.html,2
1888,https://www.ucihealth.org/healthcare-professionals/surgery-scheduling,1888.html,2
1889,https://www.ucihealth.org/volunteer,1889.html,2
1890,https://www.ucihealth.org/medical-services/programs/blood-donations,1890.html,2
1891,https://www.facebook.com/UCIrvineHealth,1891.html,2
1892,https://x.com/i/flow/login?redirect_after_login=%2Fucirvinehealth,1892.html,2
1893,https://www.youtube.com/ucihealth,1893.html,2
1894,https://www.instagram.com/ucihealth,1894.html,2
1895,https://www.linkedin.com/company/uc-irvine-medical-center,1895.html,2
1896,https://hr.uci.edu/health-hr,1896.html,2
1897,https://medschool.uci.edu/,1897.html,2
1898,https://www.ucihealth.org/nondiscrimination,1898.html,2
1899,https://www.ucihealth.org/patients-and-visitors/patient-privacy,1899.html,2
1900,https://www.uclahealth.org/discover/about,1900.html,2
1901,https://www.uclahealth.org/cancer,1901.html,2
1902,https://www.uclahealth.org/locations,1902.html,2
1903,https://medschool.ucla.edu/,1903.html,2
1904,https://www.uclahealth.org/departments,1904.html,2
1905,https://www.uclahealth.org/news,1905.html,2
1906,https://www.uclahealth.org/community-equity,1906.html,2
1907,https://www.uclahealth.org/discover/healthcare-professionals,1907.html,2
1908,https://www.uclahealth.org/myuclahealth/nojs,1908.html,2
1909,https://www.uclahealth.org/contact-us,1909.html,2
1910,https://www.uclahealth.org/providers,1910.html,2
1911,https://www.uclahealth.org/medical-services,1911.html,2
1912,https://www.uclahealth.org/clinical-trials,1912.html,2
1913,https://www.uclahealth.org/events,1913.html,2
1914,https://www.uclahealth.org/find-care/appointments,1914.html,2
1915,https://www.uclahealth.org/find-care/appointments/virtual-care,1915.html,2
1916,https://www.uclahealth.org/find-care/appointments/second-opinion-consults,1916.html,2
1917,https://www.uclahealth.org/cancer/cancer-services,1917.html,2
1918,https://www.uclahealth.org/patient-resources/support-information/patient-education/annual-health-wellness-screenings,1918.html,2
1919,https://www.uclahealth.org/patient-resources,1919.html,2
1920,https://www.uclahealth.org/patient-resources/prepare-your-visit,1920.html,2
1921,https://www.uclahealth.org/patient-resources/billing-insurance,1921.html,2
1922,https://www.uclahealth.org/patient-resources/support-information,1922.html,2
1923,https://www.uclahealth.org/patient-resources/medical-records,1923.html,2
1924,https://www.uclahealth.org/patient-resources/billing-insurance/financial-assistance-program/hospital-services-help-paying-your-bill,1924.html,2
1925,https://www.uclahealth.org/international-services,1925.html,2
1926,https://www.uclahealth.org/patient-resources/patient-scam-alert,1926.html,2
1927,https://www.uclahealth.org/locations/search,1927.html,2
1928,https://www.uclahealth.org/locations/immediate-care,1928.html,2
1929,https://www.uclahealth.org/cancer/locations,1929.html,2
1930,https://www.uclahealth.org/giving,1930.html,2
1931,https://www.uclahealth.org/human-resources,1931.html,2
1932,https://www.uclahealth.org/discover-ucla-health/connect,1932.html,2
1933,https://www.uclahealth.org/find-care/immediate-care,1933.html,2
1934,https://www.uclahealth.org/discover/about/awards-achievements/UCLA-Health-top-performer-patient-care-quality,1934.html,2
1935,https://www.uclahealth.org/medical-services/orthopedics-and-sports-medicine,1935.html,2
1936,https://www.uclahealth.org/medical-services/neuroscience,1936.html,2
1937,https://www.uclahealth.org/medical-services/transplants,1937.html,2
1938,https://www.uclahealth.org/medical-services/heart,1938.html,2
1939,https://www.uclahealth.org/medical-services/head-neck-surgery,1939.html,2
1940,https://www.uclahealth.org/hospitals/mattel,1940.html,2
1941,https://www.uclahealth.org/medical-services/womens-health,1941.html,2
1942,https://www.uclahealth.org/medical-services/psychiatry,1942.html,2
1943,https://www.uclahealth.org/news/release/ucla-medical-students-celebrate-match-day-their-path,1943.html,2
1944,https://www.uclahealth.org/news/article/west-point-graduate-takes-next-big-step-medical-school,1944.html,2
1945,https://www.uclahealth.org/news/article/debating-benefits-sigmoid-surgery,1945.html,2
1946,https://www.uclahealth.org/news/release/severe-narcolepsy-found-damage-second-brain-region,1946.html,2
1947,https://www.uclahealth.org/news/article/managing-chronic-venous-insufficiency,1947.html,2
1948,https://www.uclahealth.org/subscribe,1948.html,2
1949,https://connect.uclahealth.org/send-a-care-compliment,1949.html,2
1950,https://cn.uclahealth.org/,1950.html,2
1951,https://mena.uclahealth.org/,1951.html,2
1952,https://www.uclahealth.org/patient-resources/support-information/apps,1952.html,2
1953,https://www.uclahealth.org/emergency,1953.html,2
1954,https://www.uclahealth.org/patient-resources/visitor-guidelines,1954.html,2
1955,https://www.uclahealth.org/patient-resources/support-information/patient-education,1955.html,2
1956,https://www.uclahealth.org/patient-resources/billing-insurance/price-transparency/machine-readable-files,1956.html,2
1957,https://www.uclahealth.org/treatment-options/coronavirus,1957.html,2
1958,https://www.uclahealth.org/discover/about/hedi,1958.html,2
1959,https://www.uclahealth.org/news/journalist-resources,1959.html,2
1960,https://www.uclahealthcareers.org/,1960.html,2
1961,https://www.uclahealth.org/volunteer,1961.html,2
1962,https://www.facebook.com/uclahealth,1962.html,2
1963,https://x.com/uclahealth,1963.html,2
1964,https://instagram.com/uclahealth,1964.html,2
1965,https://youtube.com/ucla-health,1965.html,2
1966,https://linkedin.com/company/ucla-health,1966.html,2
1967,https://weibo.com/UCLAHealth,1967.html,2
1968,https://www.uclahealth.org/privacy-practices,1968.html,2
1969,https://www.uclahealth.org/privacy-notice,1969.html,2
1970,https://www.uclahealth.org/nondiscrimination,1970.html,2
1971,https://www.uclahealth.org/reporting-misconduct,1971.html,2
1972,http://www.ucla.edu/accessibility,1972.html,2
1973,https://www.uclahealth.org/patient-resources/support-information/patient-experience/we-listen-we-care,1973.html,2
1974,https://userway.org/,1974.html,2
1975,https://studenthealth.ucr.edu/,1975.html,2
1976,https://mychart.ucrhealth.org/ucr,1976.html,2
1977,https://www.ucrhealth.org/partner,1977.html,2
1978,https://www.ucrhealth.org/locations,1978.html,2
1979,https://www.ucrhealth.org/find-a-provider,1979.html,2
1980,https://www.ucrhealth.org/specialties,1980.html,2
1981,https://www.ucrhealth.org/articles,1981.html,2
1982,https://www.ucrhealth.org/clinical-trials,1982.html,2
1983,https://www.ucrhealth.org/resourcefinder,1983.html,2
1984,https://www.ucrhealth.org/request-medical-records,1984.html,2
1985,https://www.ucrhealth.org/about-us,1985.html,2
1986,https://www.ucrhealth.org/quality-safety,1986.html,2
1987,https://www.ucrhealth.org/leadership,1987.html,2
1988,https://www.ucrhealth.org/contact-us,1988.html,2
1989,https://www.ucrhealth.org/make-an-appointment,1989.html,2
1990,https://www.ucrhealth.org/patient-faqs,1990.html,2
1991,https://www.ucrhealth.org/location/riverside-south,1991.html,2
1992,https://www.ucrhealth.org/location/riverside-downtown-specialty-care,1992.html,2
1993,https://www.ucrhealth.org/location/la-quinta,1993.html,2
1994,https://www.ucrhealth.org/location/riverside-downtown-primary-care,1994.html,2
1995,https://www.ucrhealth.org/patient-stories,1995.html,2
1996,https://www.ucrhealth.org/blog/2026/04/06/disability-rights-for-patients,1996.html,2
1997,https://www.ucrhealth.org/blog/2026/01/29/compliance-corner-californias-confidentiality-of-information-act,1997.html,2
1998,https://www.ucrhealth.org/provider/tejal-khandhar-do,1998.html,2
1999,https://www.ucrhealth.org/donate-to-ucr-health,1999.html,2
2000,https://medschool.ucr.edu/staff,2000.html,2
2001,https://www.ucrhealth.org/events,2001.html,2
2002,https://www.facebook.com/ucrhealth,2002.html,2
2003,https://twitter.com/UCRHealth,2003.html,2
2004,https://www.instagram.com/ucrhealth,2004.html,2
2005,https://www.linkedin.com/company/ucr-health,2005.html,2
2006,https://www.youtube.com/@ucrhealth,2006.html,2
2007,https://www.ucrhealth.org/website-privacy-statement,2007.html,2
2008,https://www.ucrhealth.org/notice-of-privacy-practices,2008.html,2
2009,https://www.ucrhealth.org/terms-and-conditions,2009.html,2
2010,https://www.ucrhealth.org/open-payments-notice,2010.html,2
2011,https://www.ucsfhealth.org/mychart,2011.html,2
2012,https://www.ucsfhealth.org/patients-visitors/appointments,2012.html,2
2013,https://www.ucsfhealth.org/health-professionals/refer-a-patient,2013.html,2
2014,https://www.ucsfhealth.org/search,2014.html,2
2015,https://www.ucsfhealth.org/care,2015.html,2
2016,https://www.ucsfhealth.org/medical-services,2016.html,2
2017,https://www.ucsfhealth.org/providers,2017.html,2
2018,https://www.ucsfhealth.org/locations,2018.html,2
2019,https://www.ucsfhealth.org/patients-visitors/virtual-visits,2019.html,2
2020,https://www.ucsfhealth.org/patients-visitors/second-opinion,2020.html,2
2021,https://www.ucsfhealth.org/care/conditions,2021.html,2
2022,https://www.ucsfhealth.org/care/treatments,2022.html,2
2023,https://www.ucsfhealth.org/care/medical-tests,2023.html,2
2024,https://www.ucsfhealth.org/locations?_filter=brand.name%3AUCSF%20Health&-filter=location_type.name%3ACampus%23Building&filter=location_type.name%3AEmergency%20department&page=1,2024.html,2
2025,https://www.ucsfhealth.org/locations?_filter=brand.name%3AUCSF%20Health&-filter=location_type.name%3ACampus%23Building&filter=location_type.name%3AUrgent%20care&page=1,2025.html,2
2026,https://www.ucsfhealth.org/locations?_filter=brand.name%3AUCSF%20Health&-filter=location_type.name%3ACampus%23Building&filter=location_type.name%3APrimary%20care&page=1,2026.html,2
2027,https://www.ucsfhealth.org/locations?_filter=brand.name%3AUCSF%20Health&-filter=location_type.name%3ACampus%23Building&filter=location_type.name%3ASpecialty%20care&page=1,2027.html,2
2028,https://www.ucsfhealth.org/locations?_filter=brand.name%3AUCSF%20Health%23Both&-filter=location_type.name%3ACampus%23Building&filter=location_type.name%3AImaging%20center&page=1,2028.html,2
2029,https://www.ucsfhealth.org/locations?%3F%3Ffilter=brand.name%3AUCSF%20Health%23Both&-filter=location_type.name%3ACampus%23Building&page=1&_filter=brand.name%3AUCSF%20Health&filter=location_type.name%3ALaboratory,2029.html,2
2030,https://www.ucsfhealth.org/locations?%3F%3Ffilter=brand.name%3AUCSF%20Health%23Both&-filter=location_type.name%3ACampus%23Building&page=1&_filter=brand.name%3AUCSF%20Health%23Both&filter=location_type.name%3APharmacy,2030.html,2
2031,https://www.ucsfhealth.org/locations?_filter=brand.name%3AUCSF%20Health&-filter=location_type.name%3ACampus%23Building&filter=location_type.name%3AHospital&page=1,2031.html,2
2032,https://www.ucsfbenioffchildrens.org/locations,2032.html,2
2033,https://www.ucsfhealth.org/providers?filter=provider.is_primary_care%3Atrue&page=1,2033.html,2
2034,https://www.ucsfhealth.org/providers?filter=provider.is_primary_care%3Afalse&page=1,2034.html,2
2035,https://www.ucsfbenioffchildrens.org/find-a-doctor/results,2035.html,2
2036,https://www.ucsfhealth.org/patients-visitors,2036.html,2
2037,https://www.ucsfhealth.org/patients-visitors/support-services,2037.html,2
2038,https://www.ucsfhealth.org/patients-visitors/medical-records,2038.html,2
2039,https://www.ucsfhealth.org/patients-visitors/billing-insurance,2039.html,2
2040,https://www.ucsfhealth.org/patients-visitors/billing-insurance/help-paying-your-bill,2040.html,2
2041,https://www.ucsfhealth.org/patients-visitors/your-hospital-stay,2041.html,2
2042,https://www.ucsfhealth.org/patients-visitors/visitors/visitor-policies-to-maintain-health-and-safety,2042.html,2
2043,https://www.ucsfhealth.org/patients-visitors/support-services/patient-relations,2043.html,2
2044,https://www.ucsfhealth.org/health-articles-stories,2044.html,2
2045,https://www.ucsfhealth.org/patients-visitors/support-services/international-services,2045.html,2
2046,https://www.ucsfhealth.org/health-professionals,2046.html,2
2047,https://www.ucsfhealth.org/health-professionals/physician-referral-services,2047.html,2
2048,https://www.ucsfhealth.org/health-professionals/mdlink,2048.html,2
2049,https://www.ucsfhealth.org/health-professionals/transfer-a-patient,2049.html,2
2050,https://www.ucsfhealth.org/health-professionals/request-a-consultation,2050.html,2
2051,https://www.ucsfhealth.org/health-professionals/continuing-education,2051.html,2
2052,https://medconnection.ucsfhealth.org/,2052.html,2
2053,https://www.ucsfhealth.org/care/services/urgent-care,2053.html,2
2054,https://www.ucsfhealth.org/care/services/emergency-department,2054.html,2
2055,https://www.ucsfhealth.org/patients-visitors/virtual-visits/express-care,2055.html,2
2056,https://www.ucsfhealth.org/care/services/heart-and-vascular,2056.html,2
2057,https://www.ucsfhealth.org/care/services/cancer,2057.html,2
2058,https://www.ucsfhealth.org/care/services/orthopedics,2058.html,2
2059,https://www.ucsfhealth.org/care/services/neurosurgery,2059.html,2
2060,https://www.ucsfhealth.org/care/services/general-neurology,2060.html,2
2061,https://www.ucsfhealth.org/care/services/organ-transplant-center,2061.html,2
2062,https://www.ucsfhealth.org/about,2062.html,2
2063,https://www.ucsfhealth.org/providers?filter=provider.is_primary_care%3Afalse,2063.html,2
2064,https://news.ucsf.edu/,2064.html,2
2065,https://www.ucsfhealth.org/news-and-stories/us-news-2025,2065.html,2
2066,https://www.ucsfhealth.org/news-and-stories/myeloma-49ers-coach,2066.html,2
2067,https://www.ucsfhealth.org/news-and-stories/hifu-for-essential-tremor,2067.html,2
2068,https://www.ucsfhealth.org/contact-us,2068.html,2
2069,https://www.ucsfhealth.org/about/careers,2069.html,2
2070,https://www.ucsfhealth.org/about/leadership,2070.html,2
2071,https://www.ucsfhealth.org/about/quality-patient-care,2071.html,2
2072,https://www.ucsfhealth.org/about/price-transparency,2072.html,2
2073,https://www.ucsfhealth.org/patients-visitors/support-services/accessibility-resources,2073.html,2
2074,https://www.ucsfhealth.org/terms-policies/sexual-harassment-reporting-and-nondiscrimination-notice,2074.html,2
2075,https://dentschool.ucsf.edu/,2075.html,2
2076,https://www.facebook.com/UCSFMedicalCenter,2076.html,2
2077,https://x.com/ucsfhospitals,2077.html,2
2078,https://www.youtube.com/user/UCSFMedicalCenter,2078.html,2
2079,https://www.instagram.com/ucsfhealth,2079.html,2
2080,https://www.linkedin.com/company/ucsfhealth,2080.html,2
2081,https://www.ucsfhealth.org/terms-policies/terms-of-use,2081.html,2
2082,https://www.ucsfhealth.org/terms-policies/about-ucsf-health-text-messaging,2082.html,2
2083,https://www.ucsfhealth.org/terms-policies/website-privacy-policy,2083.html,2
2084,https://www.ucsfhealth.org/terms-policies/mailing-list-privacy-policy,2084.html,2
2085,https://www.lbl.gov/about,2085.html,2
2086,https://www.lbl.gov/impact,2086.html,2
2087,https://www.lbl.gov/about/history,2087.html,2
2088,https://www.lbl.gov/about/organization,2088.html,2
2089,https://www.lbl.gov/about/leadership,2089.html,2
2090,https://www.lbl.gov/about/university-of-california,2090.html,2
2091,https://newscenter.lbl.gov/,2091.html,2
2092,https://careers.lbl.gov/,2092.html,2
2093,https://www.lbl.gov/research,2093.html,2
2094,https://www.lbl.gov/research/ai,2094.html,2
2095,https://www.lbl.gov/research/accelerator-technologies,2095.html,2
2096,https://www.lbl.gov/research/cosmic-frontiers,2096.html,2
2097,https://www.lbl.gov/research/frontier-computing-sciences,2097.html,2
2098,https://www.lbl.gov/research/materials-and-chemical-sciences,2098.html,2
2099,https://www.lbl.gov/research/microelectronics-and-beyond,2099.html,2
2100,https://www.lbl.gov/research/mysteries-of-matter,2100.html,2
2101,https://www.lbl.gov/research/quantum,2101.html,2
2102,https://www.lbl.gov/research/bioenergy-biofuels,2102.html,2
2103,https://www.lbl.gov/research/biomanufacturing,2103.html,2
2104,https://www.lbl.gov/research/carbon-management,2104.html,2
2105,https://www.lbl.gov/research/energy-efficiency,2105.html,2
2106,https://www.lbl.gov/research/energy-storage,2106.html,2
2107,https://www.lbl.gov/research/grid-reliability,2107.html,2
2108,https://www.lbl.gov/research/manufacturing-innovation,2108.html,2
2109,https://www.lbl.gov/research/transportation,2109.html,2
2110,https://www.lbl.gov/research/clean-affordable-water,2110.html,2
2111,https://www.lbl.gov/research/earth-ecological-systems,2111.html,2
2112,https://www.lbl.gov/research/human-health,2112.html,2
2113,https://www.lbl.gov/research/microbes-to-ecosystems,2113.html,2
2114,https://www.lbl.gov/research/emerging-capabilities,2114.html,2
2115,https://www.lbl.gov/research/emerging-ideas,2115.html,2
2116,https://www.lbl.gov/research/scientists-of-tomorrow,2116.html,2
2117,https://www.lbl.gov/capabilities,2117.html,2
2118,https://als.lbl.gov/,2118.html,2
2119,https://jgi.doe.gov/,2119.html,2
2120,https://foundry.lbl.gov/,2120.html,2
2121,https://www.nersc.gov/,2121.html,2
2122,https://www.es.net/,2122.html,2
2123,https://www.lbl.gov/capabilities/facilities-and-centers,2123.html,2
2124,https://biosciences.lbl.gov/,2124.html,2
2125,https://cs.lbl.gov/,2125.html,2
2126,https://eesa.lbl.gov/,2126.html,2
2127,https://energysciences.lbl.gov/,2127.html,2
2128,https://physicalsciences.lbl.gov/,2128.html,2
2129,https://www.lbl.gov/people,2129.html,2
2130,https://www.lbl.gov/people/excellence,2130.html,2
2131,https://www.lbl.gov/people/excellence/nobelists,2131.html,2
2132,https://www.lbl.gov/people/excellence/national-medal,2132.html,2
2133,https://www.lbl.gov/people/our-community-of-support,2133.html,2
2134,https://www.lbl.gov/people/stewardship,2134.html,2
2135,https://www.lbl.gov/engage,2135.html,2
2136,https://www.lbl.gov/engage/access-our-facilities,2136.html,2
2137,https://www.lbl.gov/engage/partner-with-us,2137.html,2
2138,https://www.lbl.gov/engage/accelerate-your-career,2138.html,2
2139,https://www.lbl.gov/engage/community,2139.html,2
2140,https://www.lbl.gov/engage/explore-educational-opportunities,2140.html,2
2141,https://www.lbl.gov/engage/visit-and-connect,2141.html,2
2142,https://newscenter.lbl.gov/all-news?type=article,2142.html,2
2143,https://newscenter.lbl.gov/all-news?topic=152606,2143.html,2
2144,https://newscenter.lbl.gov/all-news?topic=152622,2144.html,2
2145,https://newscenter.lbl.gov/all-news?type=science-highlight,2145.html,2
2146,https://newscenter.lbl.gov/all-news?search=&type=all&topic=152603,2146.html,2
2147,https://newscenter.lbl.gov/all-news?topic=152633,2147.html,2
2148,https://newscenter.lbl.gov/all-news?topic=152605,2148.html,2
2149,https://newscenter.lbl.gov/all-news?topic=152604,2149.html,2
2150,https://www.llnl.gov/join-our-team/careers/find-your-job,2150.html,2
2151,https://www.lanl.gov/engage/environment/wildfire-preparedness,2151.html,2
2152,https://www.lanl.gov/media/news/0421-ancient-lakes-on-mars,2152.html,2
2153,https://www.lanl.gov/media/news/0326-charlie-nakhleh,2153.html,2
2154,https://www.lanl.gov/media/news/0323-site-stewardship,2154.html,2
2155,https://www.lanl.gov/about/mission/pit-production,2155.html,2
2156,https://www.lanl.gov/media/news/0416-meet-ursa,2156.html,2
2157,https://www.lanl.gov/about/mission,2157.html,2
2158,https://www.lanl.gov/media/news/los-alamos-dynamic-imaging,2158.html,2
2159,https://www.lanl.gov/media/news/0325-electroplating,2159.html,2
2160,https://www.lanl.gov/media/news/0828-venado-ai-models,2160.html,2
2161,https://www.lanl.gov/engage/community,2161.html,2
2162,https://www.lanl.gov/engage/organizations/ddops,2162.html,2
2163,https://www.lanl.gov/engage/collaboration,2163.html,2
2164,https://www.lanl.gov/media,2164.html,2
2165,https://www.lanl.gov/media/news/0318-flc-awards,2165.html,2
2166,https://www.lanl.gov/media/news/0212-lab-careers,2166.html,2
2167,https://www.lanl.gov/media/newsletters/connections/lanlfoundation-education-grants,2167.html,2
2168,https://www.lanl.gov/media/news/12-24-environmental-impact,2168.html,2
2169,https://www.lanl.gov/media/news,2169.html,2
2170,https://www.lanl.gov/media/publications,2170.html,2
2171,https://www.lanl.gov/media/podcasts,2171.html,2
2172,https://www.lanl.gov/media/videos,2172.html,2
2173,https://www.lanl.gov/media/our-people/boston-marathon,2173.html,2
2174,https://www.lanl.gov/media/our-people/ed-anderson,2174.html,2
2175,https://www.lanl.gov/media/our-people/hermelinda-coronado,2175.html,2
2176,https://www.lanl.gov/media/our-people/fatima-woody,2176.html,2
2177,https://www.lanl.gov/media/our-people/vernon-vigil,2177.html,2
2178,https://www.lanl.gov/media/publications/1663/0922-capturing-neutrons-in-the-desert,2178.html,2
2179,https://lanl.jobs/career-areas,2179.html,2
2180,https://www.lanl.gov/engage/bradbury,2180.html,2
2181,https://nsrc.lanl.gov/,2181.html,2
2182,https://www.lanl.gov/about/history-innovation/mapr/sites,2182.html,2
2183,https://www.facebook.com/LosAlamosNationalLab,2183.html,2
2184,https://x.com/LosAlamosNatLab,2184.html,2
2185,https://www.linkedin.com/company/los-alamos-national-laboratory?trk=NUS_CMPY_FOL-co,2185.html,2
2186,https://www.instagram.com/losalamosnatlab,2186.html,2
2187,https://www.youtube.com/user/LosAlamosNationalLab,2187.html,2
2188,https://ucanr.edu/careers,2188.html,2
2189,https://ucanr.edu/search/people,2189.html,2
2190,https://ucanr.edu/blogs,2190.html,2
2191,https://ucanr.edu/upcoming-events,2191.html,2
2192,https://my.ucanr.edu/portal,2192.html,2
2193,https://ucanr.edu/donate,2193.html,2
2194,https://ucanr.edu/about,2194.html,2
2195,https://ucanr.edu/locationsandcenters,2195.html,2
2196,https://ucanr.edu/counties,2196.html,2
2197,https://ucanr.edu/program/anr-research-and-extension-centers,2197.html,2
2198,https://ucanr.edu/topics,2198.html,2
2199,https://ucanr.edu/topics/agriculture,2199.html,2
2200,https://ucanr.edu/topics/fire,2200.html,2
2201,https://ucanr.edu/topics/forests,2201.html,2
2202,https://ucanr.edu/topics/nutrition-health,2202.html,2
2203,https://ucanr.edu/topics/pest-management-plant-health,2203.html,2
2204,https://ucanr.edu/topics/rangelands,2204.html,2
2205,https://ucanr.edu/topics/water,2205.html,2
2206,https://ucanr.edu/topics/youth-development,2206.html,2
2207,https://ucanr.edu/topics/gardening,2207.html,2
2208,https://ucanr.edu/node/161256,2208.html,2
2209,https://ucanr.edu/site/innovate,2209.html,2
2210,https://ucanr.edu/site/uc-anr-policy-institute,2210.html,2
2211,https://ucanr.edu/statewide-program/uc-anr-small-farms-network,2211.html,2
2212,https://ipm.ucanr.edu/,2212.html,2
2213,https://ucanr.edu/statewide-program/uc-organic-agriculture-institute,2213.html,2
2214,https://www.plantsciences.ucdavis.edu/outreach,2214.html,2
2215,https://sarep.ucdavis.edu/,2215.html,2
2216,https://ucanr.edu/statewide-program/ucanr-fire-network,2216.html,2
2217,https://ucanr.edu/statewide-program/uc-environmental-stewards,2217.html,2
2218,http://ciwr.ucanr.edu/,2218.html,2
2219,https://igis.ucanr.edu/,2219.html,2
2220,https://ucanr.edu/site/community-nutrition-and-health/calfresh-healthy-living-ucce,2220.html,2
2221,https://ucanr.edu/statewide-program/community-nutrition-and-health,2221.html,2
2222,https://ucanr.edu/statewide-program/california-efnep,2222.html,2
2223,https://ucanr.edu/statewide-program/nutrition-policy-institute,2223.html,2
2224,https://ucanr.edu/statewide-program/uc-master-food-preserver-program,2224.html,2
2225,https://ucanr.edu/site/university-california-4-h-youth-development-program,2225.html,2
2226,https://ucanr.edu/statewide-program/uc-master-gardener-program,2226.html,2
2227,https://ucanr.edu/news,2227.html,2
2228,https://ucanr.edu/blog/anr-news-releases/article/hopland-75-years,2228.html,2
2229,https://ucanr.edu/blog/food-blog/article/drcluck,2229.html,2
2230,https://ucanr.edu/blog/food-blog/article/tomato-weed,2230.html,2
2231,https://ucanr.edu/blog/green-blog/article/uc-calnat-profile-2026,2231.html,2
2232,https://ucanr.edu/search/all?sort_by=created&sort_order=DESC&route=stories&f%5B0%5D=format%3Aarticle,2232.html,2
2233,https://ucanr.edu/site/california-agritourism/event/navigating-ada-compliance-agritourism-guests,2233.html,2
2234,https://ucanr.edu/site/ucce-master-gardeners-stanislaus-county/event/culinary-herbs-beginners-salida-library,2234.html,2
2235,https://ucanr.edu/program/uc-environmental-stewards/event/california-naturalist-course-preserve-calavera,2235.html,2
2236,https://ucanr.edu/county/stanislaus-county/event/tree-vine-ipm-breakfast-meeting-insect-pest-research-updates-north,2236.html,2
2237,https://www.facebook.com/ucanr,2237.html,2
2238,https://x.com/ucanr,2238.html,2
2239,https://instagram.com/ucanr,2239.html,2
2240,https://www.youtube.com/user/UCANR,2240.html,2
2241,https://ucanr.edu/copyright,2241.html,2
2242,https://ucanr.edu/site/anr-employees/nondiscrimination-statements,2242.html,2
2243,https://ucanr.edu/accessibility-statement,2243.html,2
2244,https://ucanr.edu/contact-us,2244.html,2
2245,https://ucanr.edu/anr-privacy-statement,2245.html,2
2246,https://ucanr.edu/search/all?keys=&f%5B0%5D=site_type%3A5545028&f%5B1%5D=site_type%3A5545029,2246.html,2
2247,https://ucanr.edu/rec/west-side-research-and-extension-center,2247.html,2
2248,https://ucanr.edu/county/inyo-and-mono-counties,2248.html,2
2249,https://ucanr.edu/county/cooperative-extension-imperial-county,2249.html,2
2250,https://ucanr.edu/county/riverside-county,2250.html,2
2251,https://ucanr.edu/county/los-angeles-county,2251.html,2
2252,https://ucanr.edu/county/san-benito-county,2252.html,2
2253,https://ucanr.edu/county/mariposa-county,2253.html,2
2254,https://ucanr.edu/county/shasta-county,2254.html,2
2255,https://ucanr.edu/county/lake-county,2255.html,2
2256,https://ucanr.edu/county/colusa-county,2256.html,2
2257,https://ucanr.edu/county/trinity-county,2257.html,2
2258,https://ucanr.edu/county/san-bernardino-county,2258.html,2
2259,https://ucanr.edu/county/monterey-county,2259.html,2
2260,https://ucanr.edu/county/tehama-county,2260.html,2
2261,https://ucanr.edu/county/madera-county,2261.html,2
2262,https://ucanr.edu/county/merced-county-cooperative-extension,2262.html,2
2263,https://ucanr.edu/county/butte-county,2263.html,2
2264,https://ucanr.edu/county/cooperative-extension-sutter-yuba-counties,2264.html,2
2265,https://ucanr.edu/county/glenn-county,2265.html,2
2266,https://ucanr.edu/county/modoc-county,2266.html,2
2267,https://ucanr.edu/About/Locations?keys=&f%5B0%5D=search_type%3Ageneric&f%5B1%5D=site_type%3A5545028&f%5B2%5D=site_type%3A5545029&page=1,2267.html,2
2268,https://ucanr.edu/About/Locations?keys=&f%5B0%5D=search_type%3Ageneric&f%5B1%5D=site_type%3A5545028&f%5B2%5D=site_type%3A5545029&page=2,2268.html,2
2269,https://ucanr.edu/search/all?keys=&f%5B0%5D=search_type%3Ageneric&f%5B1%5D=site_type%3A5545029,2269.html,2
2270,https://ucanr.edu/search/all?keys=&f%5B0%5D=search_type%3Ageneric&f%5B1%5D=site_type%3A5545028,2270.html,2
2271,https://ucanr.edu/search/all,2271.html,2
2272,https://ucanr.edu/program/anr-research-and-extension-centers/about-us,2272.html,2
2273,https://ucanr.edu/program/anr-research-and-extension-centers/project-submission,2273.html,2
2274,https://storymaps.arcgis.com/stories/3eac885337854895bd7039d7d4a131f1,2274.html,2
2275,https://ucanr.edu/rec/desert-research-and-extension-center,2275.html,2
2276,https://ucanr.edu/site/elkus-ranch-environmental-education-center,2276.html,2
2277,https://ucanr.edu/rec/hansen-agricultural-research-and-extension-center,2277.html,2
2278,https://ucanr.edu/rec/hopland-research-and-extension-center,2278.html,2
2279,https://ucanr.edu/rec/intermountain-research-and-extension-center,2279.html,2
2280,https://ucanr.edu/rec/kearney-agricultural-research-and-extension-center,2280.html,2
2281,https://ucanr.edu/rec/lindcove-research-and-extension-center,2281.html,2
2282,https://ucanr.edu/rec/sierra-foothill-research-and-extension-center,2282.html,2
2283,https://ucanr.edu/rec/south-coast-research-and-extension-center,2283.html,2
2284,https://give.ucanr.edu/pages/research-and-extension-centers,2284.html,2
2285,https://ucanr.edu/search/all?keys=&f%5B0%5D=site_type%3A5545031,2285.html,2
2286,https://ucanr.edu/program/california-project-learning-tree,2286.html,2
2287,https://ucanr.edu/program/university-california-4-h-youth-development-program,2287.html,2
2288,https://ucanr.edu/program/uc-organic-agriculture-institute,2288.html,2
2289,https://ucanr.edu/program/uc-anr-fire-network,2289.html,2
2290,https://ucanr.edu/program/uc-environmental-stewards,2290.html,2
2291,https://ucanr.edu/program/uc-master-gardener-program,2291.html,2
2292,https://ucanr.edu/program/uc-master-food-preserver,2292.html,2
2293,https://ucanr.edu/program/nutrition-policy-institute,2293.html,2
2294,https://ucanr.edu/program/community-nutrition-and-health,2294.html,2
2295,https://ucanr.edu/program/california-efnep,2295.html,2
2296,https://ucanr.edu/program/uc-anr-small-farms-network,2296.html,2
2297,https://ucanr.edu/program/informatics-and-gis-program,2297.html,2
2298,https://ucanr.edu/search/all?keys=&f%5B0%5D=search_type%3Ageneric,2298.html,2
2299,https://ucanr.edu/search/all?keys=&f%5B0%5D=search_type%3Ageneric&f%5B1%5D=site_type%3A5545027&f%5B2%5D=site_type%3A5545031,2299.html,2
2300,https://ucanr.edu/search/all?keys=&f%5B0%5D=search_type%3Ageneric&f%5B1%5D=site_type%3A5545028&f%5B2%5D=site_type%3A5545031,2300.html,2
2301,https://ucanr.edu/search/all?keys=&f%5B0%5D=search_type%3Ageneric&f%5B1%5D=site_type%3A5545030&f%5B2%5D=site_type%3A5545031,2301.html,2
2302,https://ucanr.edu/search/all?keys=&f%5B0%5D=search_type%3Ageneric&f%5B1%5D=site_type%3A5545031&f%5B2%5D=site_type%3A5545032,2302.html,2
2303,https://ucanr.edu/search/all?keys=&f%5B0%5D=search_type%3Ageneric&f%5B1%5D=site_type%3A5545029&f%5B2%5D=site_type%3A5545031,2303.html,2
2304,https://ucanr.edu/search/all?keys=&f%5B0%5D=program%3A5544992&f%5B1%5D=search_type%3Ageneric&f%5B2%5D=site_type%3A5545031,2304.html,2
2305,https://ucanr.edu/search/all?keys=&f%5B0%5D=program%3A5545006&f%5B1%5D=search_type%3Ageneric&f%5B2%5D=site_type%3A5545031,2305.html,2
2306,https://ucanr.edu/search/all?keys=&f%5B0%5D=program%3A5544995&f%5B1%5D=search_type%3Ageneric&f%5B2%5D=site_type%3A5545031,2306.html,2
2307,https://ucanr.edu/search/all?keys=&f%5B0%5D=program%3A5544996&f%5B1%5D=search_type%3Ageneric&f%5B2%5D=site_type%3A5545031,2307.html,2
2308,https://ucanr.edu/search/all?keys=&f%5B0%5D=program%3A5544998&f%5B1%5D=search_type%3Ageneric&f%5B2%5D=site_type%3A5545031,2308.html,2
2309,https://ucanr.edu/search/all?keys=&f%5B0%5D=program%3A5544999&f%5B1%5D=search_type%3Ageneric&f%5B2%5D=site_type%3A5545031,2309.html,2
2310,https://ucanr.edu/search/all?keys=&f%5B0%5D=program%3A5545001&f%5B1%5D=search_type%3Ageneric&f%5B2%5D=site_type%3A5545031,2310.html,2
2311,https://ucanr.edu/search/all?keys=&f%5B0%5D=program%3A5545003&f%5B1%5D=search_type%3Ageneric&f%5B2%5D=site_type%3A5545031,2311.html,2
2312,https://ucanr.edu/search/all?keys=&f%5B0%5D=program%3A5545004&f%5B1%5D=search_type%3Ageneric&f%5B2%5D=site_type%3A5545031,2312.html,2
2313,https://ucanr.edu/search/all?keys=&f%5B0%5D=program%3A5545009&f%5B1%5D=search_type%3Ageneric&f%5B2%5D=site_type%3A5545031,2313.html,2
2314,https://ucanr.edu/search/all?keys=&f%5B0%5D=program%3A5545007&f%5B1%5D=search_type%3Ageneric&f%5B2%5D=site_type%3A5545031,2314.html,2
2315,https://ucanr.edu/search/all?keys=&f%5B0%5D=search_type%3Ageneric&f%5B1%5D=site_type%3A5545031&f%5B2%5D=topic%3A5545174,2315.html,2
2316,https://ucanr.edu/search/all?keys=&f%5B0%5D=search_type%3Ageneric&f%5B1%5D=site_type%3A5545031&f%5B2%5D=topic%3A5545166,2316.html,2
2317,https://ucanr.edu/search/all?keys=&f%5B0%5D=search_type%3Ageneric&f%5B1%5D=site_type%3A5545031&f%5B2%5D=topic%3A5545147,2317.html,2
2318,https://ucanr.edu/search/all?keys=&f%5B0%5D=search_type%3Ageneric&f%5B1%5D=site_type%3A5545031&f%5B2%5D=topic%3A5545173,2318.html,2
2319,https://ucanr.edu/search/all?keys=&f%5B0%5D=search_type%3Ageneric&f%5B1%5D=site_type%3A5545031&f%5B2%5D=topic%3A5545171,2319.html,2
2320,https://ucanr.edu/search/all?keys=&f%5B0%5D=search_type%3Ageneric&f%5B1%5D=site_type%3A5545031&f%5B2%5D=topic%3A5545136,2320.html,2
2321,https://ucanr.edu/search/all?keys=&f%5B0%5D=search_type%3Ageneric&f%5B1%5D=site_type%3A5545031&f%5B2%5D=topic%3A5545042,2321.html,2
2322,https://ucanr.edu/search/all?keys=&f%5B0%5D=search_type%3Ageneric&f%5B1%5D=site_type%3A5545031&f%5B2%5D=topic%3A5545168,2322.html,2
2323,https://ucanr.edu/search/all?keys=&f%5B0%5D=search_type%3Ageneric&f%5B1%5D=site_type%3A5545031&f%5B2%5D=topic%3A5545176,2323.html,2
2324,https://ucanr.edu/search/all?keys=&f%5B0%5D=search_type%3Ageneric&f%5B1%5D=site_type%3A5545031&f%5B2%5D=topic%3A5545146,2324.html,2
2325,https://ucanr.edu/search/all?keys=&f%5B0%5D=search_type%3Ageneric&f%5B1%5D=site_type%3A5545031&f%5B2%5D=topic%3A5545177,2325.html,2
2326,https://ucanr.edu/search/all?keys=&f%5B0%5D=search_type%3Ageneric&f%5B1%5D=site_type%3A5545031&f%5B2%5D=topic%3A5545169,2326.html,2
2327,https://ucanr.edu/search/all?keys=&f%5B0%5D=search_type%3Ageneric&f%5B1%5D=site_type%3A5545031&f%5B2%5D=topic%3A5545148,2327.html,2
2328,https://ucanr.edu/search/all?keys=&f%5B0%5D=search_type%3Ageneric&f%5B1%5D=site_type%3A5545031&f%5B2%5D=topic%3A5545150,2328.html,2
2329,https://ucanr.edu/search/all?keys=&f%5B0%5D=search_type%3Ageneric&f%5B1%5D=site_type%3A5545031&f%5B2%5D=topic%3A5545151,2329.html,2
2330,https://ucanr.edu/search/all?keys=&f%5B0%5D=search_type%3Ageneric&f%5B1%5D=site_type%3A5545031&f%5B2%5D=topic%3A5545152,2330.html,2
2331,https://ucanr.edu/search/all?keys=&f%5B0%5D=search_type%3Ageneric&f%5B1%5D=site_type%3A5545031&f%5B2%5D=topic%3A5545149,2331.html,2
2332,https://ucanr.edu/search/all?keys=&f%5B0%5D=search_type%3Ageneric&f%5B1%5D=site_type%3A5545031&f%5B2%5D=topic%3A5545154,2332.html,2
2333,https://ucanr.edu/search/all?keys=&f%5B0%5D=search_type%3Ageneric&f%5B1%5D=site_type%3A5545031&f%5B2%5D=topic%3A5545155,2333.html,2
2334,https://ucanr.edu/search/all?keys=&f%5B0%5D=search_type%3Ageneric&f%5B1%5D=site_type%3A5545031&f%5B2%5D=topic%3A5545143,2334.html,2
2335,https://ucanr.edu/search/all?keys=&f%5B0%5D=search_type%3Ageneric&f%5B1%5D=site_type%3A5545031&f%5B2%5D=topic%3A5545076,2335.html,2
2336,https://ucanr.edu/search/all?keys=&f%5B0%5D=search_type%3Ageneric&f%5B1%5D=site_type%3A5545031&f%5B2%5D=topic%3A5545049,2336.html,2
2337,https://ucanr.edu/search/all?keys=&f%5B0%5D=search_type%3Ageneric&f%5B1%5D=site_type%3A5545031&f%5B2%5D=topic%3A5545142,2337.html,2
2338,https://ucanr.edu/search/all?keys=&f%5B0%5D=search_type%3Ageneric&f%5B1%5D=site_type%3A5545031&f%5B2%5D=topic%3A5545170,2338.html,2
2339,https://ucanr.edu/search/all?keys=&f%5B0%5D=search_type%3Ageneric&f%5B1%5D=site_type%3A5545031&f%5B2%5D=topic%3A5545145,2339.html,2
2340,https://ucanr.edu/search/all?keys=&f%5B0%5D=search_type%3Ageneric&f%5B1%5D=site_type%3A5545031&f%5B2%5D=topic%3A5545178,2340.html,2
2341,https://ucanr.edu/search/all?keys=&f%5B0%5D=search_type%3Ageneric&f%5B1%5D=site_type%3A5545031&f%5B2%5D=topic%3A5545156,2341.html,2
2342,https://ucanr.edu/search/all?keys=&f%5B0%5D=search_type%3Ageneric&f%5B1%5D=site_type%3A5545031&f%5B2%5D=topic%3A5545141,2342.html,2
2343,https://ucanr.edu/search/all?keys=&f%5B0%5D=search_type%3Ageneric&f%5B1%5D=site_type%3A5545031&f%5B2%5D=topic%3A5545179,2343.html,2
2344,https://ucanr.edu/search/all?keys=&f%5B0%5D=search_type%3Ageneric&f%5B1%5D=site_type%3A5545031&f%5B2%5D=topic%3A5545183,2344.html,2
2345,https://ucanr.edu/search/all?keys=&f%5B0%5D=search_type%3Ageneric&f%5B1%5D=site_type%3A5545031&f%5B2%5D=topic%3A5545157,2345.html,2
2346,https://ucanr.edu/search/all?keys=&f%5B0%5D=search_type%3Ageneric&f%5B1%5D=site_type%3A5545031&f%5B2%5D=topic%3A5545100,2346.html,2
2347,https://ucanr.edu/search/all?keys=&f%5B0%5D=search_type%3Ageneric&f%5B1%5D=site_type%3A5545031&f%5B2%5D=topic%3A5545172,2347.html,2
2348,https://ucanr.edu/search/all?keys=&f%5B0%5D=search_type%3Ageneric&f%5B1%5D=site_type%3A5545031&f%5B2%5D=topic%3A5545167,2348.html,2
2349,https://ucanr.edu/search/all?keys=&f%5B0%5D=search_type%3Ageneric&f%5B1%5D=site_type%3A5545031&f%5B2%5D=topic%3A5545180,2349.html,2
2350,https://ucanr.edu/search/all?keys=&f%5B0%5D=search_type%3Ageneric&f%5B1%5D=site_type%3A5545031&f%5B2%5D=topic%3A5545144,2350.html,2
2351,https://ucanr.edu/search/all?keys=&f%5B0%5D=search_type%3Ageneric&f%5B1%5D=site_type%3A5545031&f%5B2%5D=topic%3A5545165,2351.html,2
2352,https://ucanr.edu/search/all?keys=&f%5B0%5D=cultural-practice%3A5544982&f%5B1%5D=search_type%3Ageneric&f%5B2%5D=site_type%3A5545031,2352.html,2
2353,https://ucanr.edu/search/all?keys=&f%5B0%5D=search_type%3Ageneric&f%5B1%5D=setting%3A5545020&f%5B2%5D=site_type%3A5545031,2353.html,2
2354,https://ucanr.edu/search/all?keys=&f%5B0%5D=search_type%3Ageneric&f%5B1%5D=setting%3A5545019&f%5B2%5D=site_type%3A5545031,2354.html,2
2355,https://ucanr.edu/search/all?keys=&f%5B0%5D=search_type%3Ageneric&f%5B1%5D=setting%3A5545026&f%5B2%5D=site_type%3A5545031,2355.html,2
2356,https://ucanr.edu/search/all?keys=&f%5B0%5D=search_type%3Ageneric&f%5B1%5D=setting%3A5545021&f%5B2%5D=site_type%3A5545031,2356.html,2
2357,https://ucanr.edu/search/all?keys=&f%5B0%5D=search_type%3Ageneric&f%5B1%5D=setting%3A5545024&f%5B2%5D=site_type%3A5545031,2357.html,2
2358,https://cosmos-ucop.ucdavis.edu/,2358.html,2
2359,https://cosmos-ucop.ucdavis.edu/app/main/main-page,2359.html,2
2360,https://cosmos-ucop.ucdavis.edu/app/main/page/mission-and-organization,2360.html,2
2361,https://cosmos-ucop.ucdavis.edu/app/main/page/program-overview,2361.html,2
2362,https://cosmos-ucop.ucdavis.edu/app/main/page/campuses-and-clusters,2362.html,2
2363,https://cosmos-ucop.ucdavis.edu/app/main/page/advisory-board,2363.html,2
2364,https://cosmos-ucop.ucdavis.edu/app/main/page/teacher-fellows,2364.html,2
2365,https://cosmos-ucop.ucdavis.edu/app/main/page/application-and-payment-basics,2365.html,2
2366,https://cosmos-ucop.ucdavis.edu/app/main/page/dates-deadlines,2366.html,2
2367,https://cosmos-ucop.ucdavis.edu/app/main/page/program-fees,2367.html,2
2368,https://cosmos-ucop.ucdavis.edu/app/main/page/financial-aid,2368.html,2
2369,https://cosmos-ucop.ucdavis.edu/app/main/page/residential-life,2369.html,2
2370,https://cosmos-ucop.ucdavis.edu/app/main/page/statewide-policies-and-procedures,2370.html,2
2371,https://cosmos-ucop.ucdavis.edu/app/main/page/faqs,2371.html,2
2372,https://cosmos-ucop.ucdavis.edu/app/main/page/contact-us,2372.html,2
2373,https://cosmos-ucop.ucdavis.edu/app/main/page/make-a-gift,2373.html,2
2374,https://cosmos-ucop.ucdavis.edu/app/main/page/privacy,2374.html,2
2375,https://cosmos-ucop.ucdavis.edu/app/main/register,2375.html,2
2376,https://cosmos-ucop.ucdavis.edu/app/main/forgot-password,2376.html,2
2377,https://cosmos-ucop.ucdavis.edu/app/main/resend-email,2377.html,2
2378,https://www.cosmos.uci.edu/,2378.html,2
2379,https://cosmos.ucla.edu/,2379.html,2
2380,https://cosmos.ucmerced.edu/,2380.html,2
2381,https://cosmos.ucsc.edu/,2381.html,2
2382,https://jacobsschool.ucsd.edu/cosmos,2382.html,2
2383,https://cosmos-ucop.ucdavis.edu/app/main/page/about-cosmos,2383.html,2
2384,https://cosmos-ucop.ucdavis.edu/app/main/page/apply-to-cosmos,2384.html,2
2385,https://www.onlineapplications.net/,2385.html,2
2386,https://mesa.ucop.edu/our-partners,2386.html,2
2387,https://mesa.ucop.edu/about-us,2387.html,2
2388,https://mesa.ucop.edu/alumni,2388.html,2
2389,https://mesa.ucop.edu/student,2389.html,2
2390,https://mesa.ucop.edu/timeline,2390.html,2
2391,https://mesa.ucop.edu/newsroom,2391.html,2
2392,https://mesa.ucop.edu/contact-us,2392.html,2
2393,https://mesa.ucop.edu/resources,2393.html,2
2394,https://mesa.ucop.edu/intranet,2394.html,2
2395,https://commerce.cashnet.com/UCOP-MESA,2395.html,2
2396,https://nedc.mesausa.org/team/california-2025,2396.html,2
2397,https://nedc.mesausa.org/,2397.html,2
2398,https://linktr.ee/mesastem,2398.html,2
2399,https://mesaspace.us.hivebrite.com/,2399.html,2
2400,https://mesa.ucop.edu/2024/05/16/eyes-on-the-state-prize,2400.html,2
2401,https://mesa.ucop.edu/category/news,2401.html,2
2402,https://mesa.ucop.edu/2022/10/29/astronaut-mesa-alumna-2022-ray-landis-impact-awardee,2402.html,2
2403,https://mesa.ucop.edu/2022/10/24/connecting-students-with-industry-to-launch-stem-careers-3,2403.html,2
2404,https://mesa.ucop.edu/category/press-releases,2404.html,2
2405,https://www.google.com/intl/en/policies/privacy,2405.html,2
2406,https://www.google.com/intl/en/policies/terms,2406.html,2
2407,https://www.facebook.com/mesa.statewide,2407.html,2
2408,https://twitter.com/MESASTEM,2408.html,2
2409,https://www.instagram.com/mesastem,2409.html,2
2410,https://www.youtube.com/channel/UC4bl_JWpQVLMlaUb6BdGtWw?view_as=subscriber,2410.html,2
2411,https://cdlib.org/about,2411.html,2
2412,https://cdlib.org/about/mission-vision-and-values,2412.html,2
2413,https://cdlib.org/about/mfted,2413.html,2
2414,https://cdlib.org/about/our-organization,2414.html,2
2415,https://cdlib.org/about/executive-office,2415.html,2
2416,https://cdlib.org/about/grants-and-partnerships,2416.html,2
2417,https://cdlib.org/about/standards-and-memberships,2417.html,2
2418,https://cdlib.org/about/policies-and-guidelines,2418.html,2
2419,https://cdlib.org/about/cdl-awards-and-honors,2419.html,2
2420,https://cdlib.org/about/cdl-by-the-numbers,2420.html,2
2421,https://cdlib.org/about/job-opportunities,2421.html,2
2422,https://cdlib.org/services/d2d,2422.html,2
2423,https://cdlib.org/services/pad,2423.html,2
2424,https://cdlib.org/services/collections,2424.html,2
2425,https://cdlib.org/services/uc3,2425.html,2
2426,https://cdlib.org/services/business,2426.html,2
2427,https://cdlib.org/services/info-services,2427.html,2
2428,https://cdlib.org/services/infrastructure,2428.html,2
2429,https://cdlib.org/services/uxdesign,2429.html,2
2430,https://cdlib.org/services,2430.html,2
2431,https://cdlib.org/services/d2d/agua,2431.html,2
2432,https://cdlib.org/services/d2d/ill,2432.html,2
2433,https://cdlib.org/services/d2d/sils,2433.html,2
2434,https://cdlib.org/services/d2d/uc-library-search,2434.html,2
2435,https://cdlib.org/services/d2d/zephir,2435.html,2
2436,https://cdlib.org/services/pad/calisphere,2436.html,2
2437,https://cdlib.org/services/pad/massdig,2437.html,2
2438,https://cdlib.org/services/pad/oac,2438.html,2
2439,https://cdlib.org/services/pad/ucdams,2439.html,2
2440,https://cdlib.org/services/pad/webarchiving,2440.html,2
2441,https://cdlib.org/services/collections/licensed,2441.html,2
2442,https://cdlib.org/services/collections/scp,2442.html,2
2443,https://cdlib.org/services/collections/sharedprint,2443.html,2
2444,https://cdlib.org/services/uc3/dmptool,2444.html,2
2445,https://cdlib.org/services/uc3/dryad,2445.html,2
2446,https://cdlib.org/services/uc3/ezid,2446.html,2
2447,https://cdlib.org/services/uc3/merritt,2447.html,2
2448,https://cdlib.org/services/info-services/instruct,2448.html,2
2449,https://cdlib.org/services/consortial-partnerships,2449.html,2
2450,https://cdlib.org/services/consortial-partnerships/hathitrust,2450.html,2
2451,https://cdlib.org/west,2451.html,2
2452,https://cdlib.org/resources,2452.html,2
2453,https://cdlib.org/resources/libraries,2453.html,2
2454,https://cdlib.org/resources/contributors,2454.html,2
2455,https://cdlib.org/resources/faculty,2455.html,2
2456,https://cdlib.org/resources/technologists,2456.html,2
2457,https://cdlib.org/resources/ucop-staff,2457.html,2
2458,https://cdlib.org/resources/vendors,2458.html,2
2459,https://cdlib.org/groups,2459.html,2
2460,https://cdlib.org/groups/acquisition-liaisons,2460.html,2
2461,https://cdlib.org/services/collections/licensed/rl,2461.html,2
2462,https://cdlib.org/groups/users_council,2462.html,2
2463,https://cdlib.org/news,2463.html,2
2464,https://cdlib.org/cdlinfo,2464.html,2
2465,https://cdlib.org/news/press-center,2465.html,2
2466,https://cdlib.org/news/publications,2466.html,2
2467,https://cdlib.org/news/subscribe-to-cdl,2467.html,2
2468,https://cdlib.org/contact/staff_directory,2468.html,2
2469,https://cdlib.org/contact,2469.html,2
2470,https://cdlib.org/contact/report-a-problem,2470.html,2
2471,https://cdlib.org/contact/system-status,2471.html,2
2472,https://cdlib.org/cdlinfo/2025/11/24/online-archive-of-california-oac-update,2472.html,2
2473,https://cdlib.org/cdlinfo/2025/04/23/cdl-public-statement-on-endorsing-the-barcelona-declaration,2473.html,2
2474,https://cdlib.org/cdlinfo/2024/08/13/building-a-national-finding-aid-network-nafan-final-report-now-available,2474.html,2
2475,https://cdlib.org/cdlinfo/2022/04/28/escholarship-celebrates-its-20-year-anniversary,2475.html,2
2476,https://cdlib.org/services/pad/open-access-tools,2476.html,2
2477,https://cdlib.org/cdlinfo/2026/04/30/uc-libraries-join-global-partners-in-deas-led-oa-forward,2477.html,2
2478,https://cdlib.org/cdlinfo/2026/04/29/merritt-digital-preservation-repository-april,2478.html,2
2479,https://cdlib.org/cdlinfo/2026/04/22/save-the-date-for-the-2026-west-member-meeting,2479.html,2
2480,https://cdlib.org/cdlinfo/2026/04/21/scp-update-april-2026,2480.html,2
2481,https://cdlib.org/cdlinfo/2026/04/20/more-new-resources-on-j-dac,2481.html,2
2482,https://cdlib.org/cdlinfo/2026/04/17/eighteenth-century-collections-online-new-modules,2482.html,2
2483,https://cdlib.org/cdlinfo/2026/03/30/oxford-research-encyclopedias-move-to-oxford-academic,2483.html,2
2484,https://cdlib.org/cdlinfo/2026/03/26/merritt-digital-preservation-repository-march-2026,2484.html,2
2485,https://cdlib.org/cdlinfo/2026/03/24/scp-update-march-2026,2485.html,2
2486,https://cdlib.org/cdlinfo/2026/03/23/cancellations-update-for-fy26,2486.html,2
2487,https://escholarship.org/,2487.html,2
2488,https://merritt.cdlib.org/,2488.html,2
2489,http://www.oac.cdlib.org/,2489.html,2
2490,https://dmptool.org/,2490.html,2
2491,https://cdlib.org/contact/staff_directory/marcus-jun-staff-profile,2491.html,2
2492,https://x.com/CalDigLib,2492.html,2
2493,https://cdlib.org/about/policies-and-guidelines/terms-conditions,2493.html,2
2494,https://cdlib.org/about/policies-and-guidelines/privacy-statement,2494.html,2
2495,https://cdlib.org/about/policies-and-guidelines/accessibility,2495.html,2
2496,https://escholarship.org/publishing,2496.html,2
2497,https://escholarship.org/repository,2497.html,2
2498,https://escholarship.org/journals,2498.html,2
2499,https://help.escholarship.org/support/home,2499.html,2
2500,https://cdlib.org/contact/staff_directory/katie-fortney-staff-profile,2500.html,2
2501,https://cdlib.org/contact/staff_directory/justin-gonder-staff-profile,2501.html,2
2502,https://cdlib.org/contact/staff_directory/amanda-karby-staff-profile,2502.html,2
2503,https://cdlib.org/contact/staff_directory/catherine-mitchell-staff-profile,2503.html,2
2504,https://cdlib.org/contact/staff_directory/chad-nelson-staff-profile,2504.html,2
2505,https://cdlib.org/contact/staff_directory/charlotte-roh-staff-profile,2505.html,2
2506,https://cdlib.org/contact/staff_directory/lisa-schiff-staff-profile,2506.html,2
2507,https://cdlib.org/contact/staff_directory/nick-tahani-staff-profile,2507.html,2
2508,https://cdlib.org/contact/staff_directory/esther-verreau-staff-profile,2508.html,2
2509,https://cdlib.org/contact/staff_directory/alainna-wrigley-staff-profile,2509.html,2
2510,https://cdlib.org/contact/staff_directory/mahjabeen-yucekul-staff-profile,2510.html,2
2511,https://cdlib.org/cdlinfo/2026/01/27/open-access-for-uc-authored-monographs-a-uc-libraries-pilot-project,2511.html,2
2512,https://cdlib.org/cdlinfo/2024/01/17/new-open-access-book-from-escholarship-publishing-the-art-of-diversity-by-susan-carlson,2512.html,2
2513,https://cdlib.org/cdlinfo/2023/08/07/welcome-amanda-karby,2513.html,2
2514,https://cdlib.org/cdlinfo/category/publishing-and-special-collections/escholarship,2514.html,2
2515,https://help.escholarship.org/,2515.html,2
2516,https://escholarship.org/policies,2516.html,2
2517,https://help.escholarship.org/support/tickets/new,2517.html,2
2518,https://libraries.universityofcalifornia.edu/about,2518.html,2
2519,https://libraries.universityofcalifornia.edu/about/who-we-are,2519.html,2
2520,https://libraries.universityofcalifornia.edu/about/advisory-structure,2520.html,2
2521,https://libraries.universityofcalifornia.edu/about/vision-and-priorities,2521.html,2
2522,https://libraries.universityofcalifornia.edu/about/initiatives,2522.html,2
2523,https://libraries.universityofcalifornia.edu/about/key-documents,2523.html,2
2524,https://libraries.universityofcalifornia.edu/about/facts-and-figures,2524.html,2
2525,https://libraries.universityofcalifornia.edu/groups-a-to-z,2525.html,2
2526,https://libraries.universityofcalifornia.edu/coul,2526.html,2
2527,https://libraries.universityofcalifornia.edu/dpwg,2527.html,2
2528,https://libraries.universityofcalifornia.edu/doc,2528.html,2
2529,https://libraries.universityofcalifornia.edu/sclg,2529.html,2
2530,https://libraries.universityofcalifornia.edu/sils,2530.html,2
2531,https://libraries.universityofcalifornia.edu/ckg,2531.html,2
2532,https://libraries.universityofcalifornia.edu/uclibrarysearch,2532.html,2
2533,https://libraries.universityofcalifornia.edu/latest-updates,2533.html,2
2534,http://www.lib.berkeley.edu/,2534.html,2
2535,https://library.ucdavis.edu/,2535.html,2
2536,http://www.lib.uci.edu/,2536.html,2
2537,http://www.library.ucla.edu/,2537.html,2
2538,http://library.ucmerced.edu/,2538.html,2
2539,http://library.ucr.edu/,2539.html,2
2540,http://libraries.ucsd.edu/,2540.html,2
2541,http://www.library.ucsf.edu/,2541.html,2
2542,http://www.library.ucsb.edu/,2542.html,2
2543,http://www.cdlib.org/,2543.html,2
2544,http://osc.universityofcalifornia.edu/,2544.html,2
2545,https://libraries.universityofcalifornia.edu/about-uc-libraries/initiatives,2545.html,2
2546,https://libraries.universityofcalifornia.edu/2026/04/30/uc-libraries-join-global-partners-in-deas-led-oa-forward,2546.html,2
2547,https://libraries.universityofcalifornia.edu/2026/01/27/advancing-open-monograph-opportunities-at-uc-new-pathways-for-the-future,2547.html,2
2548,https://libraries.universityofcalifornia.edu/2026/01/27/open-access-for-uc-authored-monographs-a-uc-libraries-pilot-project,2548.html,2
2549,https://libraries.universityofcalifornia.edu/2025/12/11/preserving-born-digital-government-information-revisiting-the-scopes-trial-with-primary-sources-the-latest-uc-libraries-hathitrust-help-center-newsletter-now-posted,2549.html,2
2550,https://libraries.universityofcalifornia.edu/2025/11/10/university-of-california-introduces-new-leader-for-systemwide-library-facilities-2,2550.html,2
2551,https://libraries.universityofcalifornia.edu/2025/08/13/millions-of-materials-one-mission-university-of-california-libraries-facilities-chart-unified-course-2,2551.html,2
2552,https://libraries.universityofcalifornia.edu/2025/06/27/june-2025-uc-libraries-hathitrust-help-center-newsletter-posted-2,2552.html,2
2553,https://libraries.universityofcalifornia.edu/2025/06/09/announcing-the-new-slf-faq-shared-on-behalf-of-the-systemwide-library-facilities-board-slfb-2,2553.html,2
2554,https://libraries.universityofcalifornia.edu/2025/04/04/ebook-usability-report-on-aggregator-platforms-a-case-study-of-ebsco-and-proquest,2554.html,2
2555,https://libraries.universityofcalifornia.edu/2025/03/21/march-2025-uc-libraries-hathitrust-newsletter-posted,2555.html,2
2556,https://libraries.universityofcalifornia.edu/contact,2556.html,2
2557,https://libraries.universityofcalifornia.edu/help,2557.html,2
2558,https://www.cdlib.org/about/terms.html,2558.html,2
2559,https://www.cdlib.org/about/accessibility.html,2559.html,2
2560,https://ucpress.us1.list-manage.com/subscribe?u=00b4d5deed816ba6f14fa2287&id=98a0b87ef6,2560.html,2
2561,https://www.facebook.com/ucpress,2561.html,2
2562,https://bsky.app/profile/ucpress.bsky.social,2562.html,2
2563,https://www.instagram.com/uc_press,2563.html,2
2564,https://www.youtube.com/channel/UCX5V8BHO32jgshduh7nbR8Q,2564.html,2
2565,https://www.linkedin.com/company/university-of-california-press,2565.html,2
2566,https://indiepubs.com/cart,2566.html,2
2567,https://www.ucpress.edu/books,2567.html,2
2568,https://www.ucpress.edu/disciplines,2568.html,2
2569,https://www.ucpress.edu/discipline/african-studies,2569.html,2
2570,https://www.ucpress.edu/discipline/american-studies,2570.html,2
2571,https://www.ucpress.edu/discipline/ancient-world-classics,2571.html,2
2572,https://www.ucpress.edu/discipline/anthropology,2572.html,2
2573,https://www.ucpress.edu/discipline/art,2573.html,2
2574,https://www.ucpress.edu/discipline/asian-studies,2574.html,2
2575,https://www.ucpress.edu/discipline/black-studies,2575.html,2
2576,https://www.ucpress.edu/discipline/communication,2576.html,2
2577,https://www.ucpress.edu/discipline/criminology-criminal-justice,2577.html,2
2578,https://www.ucpress.edu/discipline/economics,2578.html,2
2579,https://www.ucpress.edu/discipline/environmental-studies,2579.html,2
2580,https://www.ucpress.edu/discipline/film-media-studies,2580.html,2
2581,https://www.ucpress.edu/discipline/food-wine,2581.html,2
2582,https://www.ucpress.edu/discipline/gender-sexuality,2582.html,2
2583,https://www.ucpress.edu/discipline/geography,2583.html,2
2584,https://www.ucpress.edu/discipline/global-studies,2584.html,2
2585,https://www.ucpress.edu/discipline/health,2585.html,2
2586,https://www.ucpress.edu/discipline/history,2586.html,2
2587,https://www.ucpress.edu/discipline/language,2587.html,2
2588,https://www.ucpress.edu/discipline/latin-american-studies,2588.html,2
2589,https://www.ucpress.edu/discipline/legal-studies,2589.html,2
2590,https://www.ucpress.edu/discipline/literary-studies-poetry,2590.html,2
2591,https://www.ucpress.edu/discipline/middle-eastern-studies,2591.html,2
2592,https://www.ucpress.edu/discipline/philosophy,2592.html,2
2593,https://www.ucpress.edu/discipline/politics,2593.html,2
2594,https://www.ucpress.edu/discipline/psychology,2594.html,2
2595,https://www.ucpress.edu/discipline/religion,2595.html,2
2596,https://www.ucpress.edu/discipline/sciences,2596.html,2
2597,https://www.ucpress.edu/discipline/sociology,2597.html,2
2598,https://www.ucpress.edu/discipline/technology-studies,2598.html,2
2599,https://www.ucpress.edu/resources,2599.html,2
2600,https://www.ucpress.edu/support-us,2600.html,2
2601,https://www.ucpress.edu/about,2601.html,2
2602,https://www.ucpress.edu/blog,2602.html,2
2603,https://www.ucpress.edu/contact,2603.html,2
2604,https://www.ucpress.edu/uc-publishing-services,2604.html,2
2605,https://www.ucpress.edu/books/american-peril,2605.html,2
2606,https://www.ucpress.edu/books/brand-new-beat,2606.html,2
2607,https://www.ucpress.edu/books/the-middle-class-new-deal,2607.html,2
2608,https://www.ucpress.edu/books/the-moys-of-new-york-and-shanghai,2608.html,2
2609,https://www.ucpress.edu/books/smog-and-sunshine,2609.html,2
2610,https://www.ucpress.edu/books/boom-to-bust,2610.html,2
2611,https://www.ucpress.edu/books/trans-cinema,2611.html,2
2612,https://www.ucpress.edu/books/anti-eviction,2612.html,2
2613,https://www.ucpress.edu/books/teaching-solidarity,2613.html,2
2614,https://www.ucpress.edu/books/can-we-laugh-at-that,2614.html,2
2615,https://www.ucpress.edu/books/making-care-work,2615.html,2
2616,https://www.ucpress.edu/books/leave-if-you-can,2616.html,2
2617,https://www.ucpress.edu/books/in-the-hour-of-chaos,2617.html,2
2618,https://www.ucpress.edu/books/swiftynomics,2618.html,2
2619,https://www.ucpress.edu/books/the-hidden-lives-of-lab-animals,2619.html,2
2620,https://www.ucpress.edu/books/overcoming-bias-habits,2620.html,2
2621,https://www.ucpress.edu/books/trans-pleasure,2621.html,2
2622,https://www.ucpress.edu/books/art-science-undisciplined,2622.html,2
2623,https://www.ucpress.edu/books/food-justice-undone,2623.html,2
2624,https://www.ucpress.edu/books/acts-of-love,2624.html,2
2625,https://www.ucpress.edu/blog-posts/uc-press-april-award-winners-2026,2625.html,2
2626,https://www.ucpress.edu/blog-posts/help-us-support-first-gen-scholars,2626.html,2
2627,https://www.ucpress.edu/blog-posts/what-the-artemis-ii-astronauts-revealed-about-awe-in-space,2627.html,2
2628,https://www.ucpress.edu/blog-posts/uc-press-march-award-winners-2026-2,2628.html,2
2629,https://newbooksnetwork.com/category/up-partners/the-university-of-california-press-podcast,2629.html,2
2630,https://bookshop.org/a/12343/9780520424777,2630.html,2
2631,https://bookshop.org/a/12343/9780520403994,2631.html,2
2632,https://newbooksnetwork.com/category/special-series/new-books-with-miranda-melcher,2632.html,2
2633,https://www.ucpress.edu/books/the-way-out,2633.html,2
2634,https://bookshop.org/a/12343/9780520391765,2634.html,2
2635,https://global.oup.com/academic/product/the-game-9780197812280?cc=us&lang=en,2635.html,2
2636,https://www.ucpress.edu/resources/instructors,2636.html,2
2637,https://www.ucpress.edu/resources/book-authors,2637.html,2
2638,https://www.ucpress.edu/resources/librarians,2638.html,2
2639,https://www.ucpress.edu/resources/booksellers,2639.html,2
2640,https://www.ucpress.edu/resources/media-journalists,2640.html,2
2641,https://www.ucpress.edu/resources/journal-authors-editors,2641.html,2
2642,https://www.ucpress.edu/resources/ucpubs,2642.html,2
2643,https://www.ucpress.edu/support-us/donors,2643.html,2
2644,https://www.ucpress.edu/support-us/endowments,2644.html,2
2645,https://www.ucpress.edu/support-us/financials,2645.html,2
2646,https://www.ucpress.edu/support-us/membership,2646.html,2
2647,https://www.ucpress.edu/support-us/planned-giving,2647.html,2
2648,https://www.ucpress.edu/about/ai-guidelines,2648.html,2
2649,https://www.ucpress.edu/about/annual-report,2649.html,2
2650,https://www.ucpress.edu/about/careers,2650.html,2
2651,https://www.ucpress.edu/about/location,2651.html,2
2652,https://www.ucpress.edu/about/press-releases,2652.html,2
2653,https://www.ucpress.edu/about/seasonal-catalog,2653.html,2
2654,https://www.ucpress.edu/contact/customer-service,2654.html,2
2655,https://www.ucpress.edu/contact/exam-desk-requests,2655.html,2
2656,https://www.ucpress.edu/contact/print-disability,2656.html,2
2657,https://www.ucpress.edu/contact/rights-permissions,2657.html,2
2658,https://www.ucpress.edu/contact/royalties,2658.html,2
2659,https://www.ucpress.edu/resources/book-authors/acquisitions-editors,2659.html,2
2660,https://www.ucpress.edu/privacy-policy,2660.html,2
2661,https://uccs.ucdavis.edu/people,2661.html,2
2662,https://uccs.ucdavis.edu/governance-fellows,2662.html,2
2663,https://uccs.ucdavis.edu/advisory-board,2663.html,2
2664,https://uccs.ucdavis.edu/faculty-council,2664.html,2
2665,https://uccs.ucdavis.edu/host-intern,2665.html,2
2666,https://uccs.ucdavis.edu/contact-us,2666.html,2
2667,https://uccs.ucdavis.edu/undergraduate-students,2667.html,2
2668,https://uccs.ucdavis.edu/admissions,2668.html,2
2669,https://uccs.ucdavis.edu/berkeley,2669.html,2
2670,https://uccs.ucdavis.edu/davis,2670.html,2
2671,https://uccs.ucdavis.edu/los-angeles,2671.html,2
2672,https://uccs.ucdavis.edu/riverside,2672.html,2
2673,https://uccs.ucdavis.edu/san-diego,2673.html,2
2674,https://uccs.ucdavis.edu/for-students/courses,2674.html,2
2675,https://uccs.ucdavis.edu/for-students/program-costs-financial-aid,2675.html,2
2676,https://uccs.ucdavis.edu/about-sacramento,2676.html,2
2677,https://uccs.ucdavis.edu/for-students/housing,2677.html,2
2678,https://uccs.ucdavis.edu/alfredo-arredondo,2678.html,2
2679,https://uccs.ucdavis.edu/angela-blanchard,2679.html,2
2680,https://uccs.ucdavis.edu/caity-maple,2680.html,2
2681,https://uccs.ucdavis.edu/john-bozeman,2681.html,2
2682,https://uccs.ucdavis.edu/josh-franco,2682.html,2
2683,https://uccs.ucdavis.edu/josh-hoover,2683.html,2
2684,https://uccs.ucdavis.edu/justin-ho,2684.html,2
2685,https://uccs.ucdavis.edu/neftali-galarza,2685.html,2
2686,https://uccs.ucdavis.edu/sam-chung,2686.html,2
2687,https://uccs.ucdavis.edu/morrar-sawsan,2687.html,2
2688,https://uccs.ucdavis.edu/sydell-brooks,2688.html,2
2689,https://uccs.ucdavis.edu/uccs-application,2689.html,2
2690,https://uccs.ucdavis.edu/for-students/student-interest-list,2690.html,2
2691,https://uccs.ucdavis.edu/virtual-information-sessions,2691.html,2
2692,https://uccs.ucdavis.edu/graduate-students,2692.html,2
2693,https://uccs.ucdavis.edu/presidential-graduate-opportunities-leadership-development-gold-fellowship,2693.html,2
2694,https://uccs.ucdavis.edu/public-lectureship-and-white-paper-competition-2023-2024,2694.html,2
2695,https://uccs.ucdavis.edu/uccs-research-collaboratives,2695.html,2
2696,https://uccs.ucdavis.edu/uccs-policy-briefs,2696.html,2
2697,https://uccs.ucdavis.edu/policy-experts-catalog,2697.html,2
2698,https://uccs.ucdavis.edu/events,2698.html,2
2699,https://uccs.ucdavis.edu/recorded-talks,2699.html,2
2700,https://uccs.ucdavis.edu/events/past-events,2700.html,2
2701,https://uccs.ucdavis.edu/news,2701.html,2
2702,https://uccs.ucdavis.edu/related-resources,2702.html,2
2703,https://uccs.ucdavis.edu/calspec/faculty-steering-committee,2703.html,2
2704,https://uccs.ucdavis.edu/calspec/calspec-consortium-advisory-council,2704.html,2
2705,https://uccs.ucdavis.edu/equity-framework-advancement-award,2705.html,2
2706,https://give.ucdavis.edu/POLS/SCVARSD,2706.html,2
2707,https://uccs.ucdavis.edu/news/public-lectureship-and-white-paper-competition-2023-2024,2707.html,2
2708,http://ucdavis.edu/help/privacy-accessibility.html,2708.html,2
2709,https://uccs.ucdavis.edu/sitemap,2709.html,2
2710,https://my.uceap.universityofcalifornia.edu/,2710.html,2
2711,https://uceap.universityofcalifornia.edu/programs,2711.html,2
2712,https://uceap.universityofcalifornia.edu/about-uceap,2712.html,2
2713,https://explore.uceap.universityofcalifornia.edu/,2713.html,2
2714,https://uceap.universityofcalifornia.edu/discover/your-study-abroad-timeline,2714.html,2
2715,https://uceap.universityofcalifornia.edu/discover/what-families-want-know,2715.html,2
2716,https://uceap.universityofcalifornia.edu/student-resources/diversity-equity-and-inclusion,2716.html,2
2717,https://uceap.universityofcalifornia.edu/discover/attend-uceap-events/exploring-your-identity-abroad,2717.html,2
2718,https://uceap.universityofcalifornia.edu/events/peace-corps-prep-webinar,2718.html,2
2719,https://uceap.universityofcalifornia.edu/discover/attend-uceap-events/uceap-101-webinar,2719.html,2
2720,https://uceap.universityofcalifornia.edu/study-abroad-fair,2720.html,2
2721,https://uceap.universityofcalifornia.edu/discover/attend-uceap-events/what-families-want-know-predeparture-webinar,2721.html,2
2722,https://uceap.universityofcalifornia.edu/discover/uceap-application-advising,2722.html,2
2723,https://uceap.universityofcalifornia.edu/about-uceap/contacts,2723.html,2
2724,https://uceap.universityofcalifornia.edu/study-abroad-in-egypt,2724.html,2
2725,https://uceap.universityofcalifornia.edu/study-abroad-in-israel,2725.html,2
2726,https://uceap.universityofcalifornia.edu/study-abroad-in-jordan,2726.html,2
2727,https://uceap.universityofcalifornia.edu/study-abroad-in-south-africa,2727.html,2
2728,https://uceap.universityofcalifornia.edu/study-abroad-in-argentina,2728.html,2
2729,https://uceap.universityofcalifornia.edu/study-abroad-in-barbados,2729.html,2
2730,https://uceap.universityofcalifornia.edu/study-abroad-in-brazil,2730.html,2
2731,https://uceap.universityofcalifornia.edu/study-abroad-in-canada,2731.html,2
2732,https://uceap.universityofcalifornia.edu/study-abroad-in-chile,2732.html,2
2733,https://uceap.universityofcalifornia.edu/study-abroad-in-costa-rica,2733.html,2
2734,https://uceap.universityofcalifornia.edu/study-abroad-in-dominican-republic,2734.html,2
2735,https://uceap.universityofcalifornia.edu/study-abroad-in-mexico,2735.html,2
2736,https://uceap.universityofcalifornia.edu/study-abroad-in-australia,2736.html,2
2737,https://uceap.universityofcalifornia.edu/study-abroad-in-china,2737.html,2
2738,https://uceap.universityofcalifornia.edu/study-abroad-in-hong-kong,2738.html,2
2739,https://uceap.universityofcalifornia.edu/study-abroad-in-india,2739.html,2
2740,https://uceap.universityofcalifornia.edu/study-abroad-in-japan,2740.html,2
2741,https://uceap.universityofcalifornia.edu/study-abroad-in-south-korea,2741.html,2
2742,https://uceap.universityofcalifornia.edu/study-abroad-in-new-zealand,2742.html,2
2743,https://uceap.universityofcalifornia.edu/study-abroad-in-singapore,2743.html,2
2744,https://uceap.universityofcalifornia.edu/study-abroad-in-taiwan,2744.html,2
2745,https://uceap.universityofcalifornia.edu/study-abroad-in-thailand,2745.html,2
2746,https://uceap.universityofcalifornia.edu/study-abroad-in-czech-republic,2746.html,2
2747,https://uceap.universityofcalifornia.edu/study-abroad-in-denmark,2747.html,2
2748,https://uceap.universityofcalifornia.edu/study-abroad-in-france,2748.html,2
2749,https://uceap.universityofcalifornia.edu/study-abroad-in-germany,2749.html,2
2750,https://uceap.universityofcalifornia.edu/study-abroad-in-iceland,2750.html,2
2751,https://uceap.universityofcalifornia.edu/study-abroad-in-ireland,2751.html,2
2752,https://uceap.universityofcalifornia.edu/study-abroad-in-italy,2752.html,2
2753,https://uceap.universityofcalifornia.edu/study-abroad-in-netherlands,2753.html,2
2754,https://uceap.universityofcalifornia.edu/study-abroad-in-norway,2754.html,2
2755,https://uceap.universityofcalifornia.edu/study-abroad-in-spain,2755.html,2
2756,https://uceap.universityofcalifornia.edu/study-abroad-in-sweden,2756.html,2
2757,https://uceap.universityofcalifornia.edu/study-abroad-in-switzerland,2757.html,2
2758,https://uceap.universityofcalifornia.edu/study-abroad-in-united-kingdom-england,2758.html,2
2759,https://uceap.universityofcalifornia.edu/study-abroad-in-united-kingdom-scotland,2759.html,2
2760,https://uceap.universityofcalifornia.edu/anthropology-abroad,2760.html,2
2761,https://uceap.universityofcalifornia.edu/art-studio-abroad-0,2761.html,2
2762,https://uceap.universityofcalifornia.edu/biological-sciences-abroad,2762.html,2
2763,https://uceap.universityofcalifornia.edu/business-administration-abroad,2763.html,2
2764,https://uceap.universityofcalifornia.edu/chemistry-abroad,2764.html,2
2765,https://uceap.universityofcalifornia.edu/communication-studies-abroad,2765.html,2
2766,https://uceap.universityofcalifornia.edu/computer-science-abroad,2766.html,2
2767,https://uceap.universityofcalifornia.edu/economics-abroad,2767.html,2
2768,https://alumni.uceap.universityofcalifornia.edu/ways-of-giving/make-gift,2768.html,2
2769,https://curator.io/,2769.html,2
2770,https://blog.uceap.universityofcalifornia.edu/truth-about-study-abroad-messy-beautiful-worth-it,2770.html,2
2771,https://blog.uceap.universityofcalifornia.edu/beyond-the-semester-why-a-year-abroad-changes-everything,2771.html,2
2772,https://blog.uceap.universityofcalifornia.edu/staying-connected-while-on-study-abroad,2772.html,2
2773,https://alumni.uceap.universityofcalifornia.edu/,2773.html,2
2774,https://reciprocity.uceap.universityofcalifornia.edu/,2774.html,2
2775,https://blog.uceap.universityofcalifornia.edu/,2775.html,2
2776,https://www.facebook.com/UCEAP,2776.html,2
2777,https://www.instagram.com/uceap,2777.html,2
2778,https://twitter.com/UCEAP,2778.html,2
2779,https://www.youtube.com/user/UCEAP,2779.html,2
2780,https://www.tiktok.com/@uceapstudyabroad,2780.html,2
2781,https://discord.com/invite/e87HyPJbRu,2781.html,2
2782,https://www.uclawsf.edu/apply,2782.html,2
2783,https://www.uclawsf.edu/giving-ways-to-give,2783.html,2
2784,https://www.uclawsf.edu/our-story,2784.html,2
2785,https://www.uclawsf.edu/campus-life/campus-housing,2785.html,2
2786,https://www.uclawsf.edu/academics/library,2786.html,2
2787,https://www.uclawsf.edu/events,2787.html,2
2788,https://uclawsf.studentstore.com/home,2788.html,2
2789,https://www.uclawsf.edu/uc-law-sf-alumni-association,2789.html,2
2790,https://www.uclawsf.edu/into-the-future,2790.html,2
2791,https://www.uclawsf.edu/resources-for-students,2791.html,2
2792,https://www.uclawsf.edu/employers,2792.html,2
2793,https://www.uclawsf.edu/resources-for-faculty,2793.html,2
2794,https://www.uclawsf.edu/resources-for-staff,2794.html,2
2795,https://www.uclawsf.edu/legal-expertise-in-the-news,2795.html,2
2796,https://www.uclawsf.edu/,2796.html,2
2797,https://www.uclawsf.edu/admissions,2797.html,2
2798,https://www.uclawsf.edu/academics,2798.html,2
2799,https://www.uclawsf.edu/faculty-research,2799.html,2
2800,https://www.uclawsf.edu/campus-life,2800.html,2
2801,https://www.uclawsf.edu/careers,2801.html,2
2802,https://www.uclawsf.edu/home/aba-required-disclosures,2802.html,2
2803,https://www.instagram.com/uclaw_sf,2803.html,2
2804,https://www.facebook.com/uclawsanfrancisco,2804.html,2
2805,https://twitter.com/uclaw_sf,2805.html,2
2806,https://www.youtube.com/uchastings,2806.html,2
2807,https://bsky.app/profile/uclawsf.bsky.social,2807.html,2
2808,https://www.uclawsf.edu/2026/04/07/more-than-300-alumni-celebrate-spring-week-2026,2808.html,2
2809,https://www.uclawsf.edu/2026/04/02/oakland-mayor-barbara-lee-reflects-on-public-service-in-jackie-speier-lecture,2809.html,2
2810,https://www.uclawsf.edu/2025/12/18/uc-law-sf-graduates-achieve-rising-bar-passage-rate-strong-employment-outcomes,2810.html,2
2811,https://www.uclawsf.edu/2025/09/27/uc-law-sf-launches-100-million-into-the-future-campaign-to-advance-legacy-of-academic-excellence-and-advancing-justice,2811.html,2
2812,https://www.uclawsf.edu/2025/09/10/how-professor-dorit-reiss-became-a-leading-voice-in-vaccine-law,2812.html,2
2813,https://www.uclawsf.edu/ai-law-leader,2813.html,2
2814,https://www.uclawsf.edu/first-in-california,2814.html,2
2815,https://www.uclawsf.edu/2026/04/28/10-things-you-didnt-know-about-uc-law-sf,2815.html,2
2816,https://mls.uclawsf.edu/?ace_campaign=organic_webdirect_sdr_schoolsubdomain,2816.html,2
2817,https://www.uclawsf.edu/admissions/llm-admissions/ ,2817.html,2
2818,http://uclawsf.edu/admissions/hpl,2818.html,2
2819,https://www.uclawsf.edu/tag/news,2819.html,2
2820,https://www.uclawsf.edu/2026/05/04/ready-for-tomorrow-3l-john-tavares-designs-ai-prompt-guide-for-non-lawyers-seeking-legal-help,2820.html,2
2821,https://www.uclawsf.edu/category/focus-on/current-students,2821.html,2
2822,https://www.uclawsf.edu/2026/05/01/jessup-moot-court-team-finishes-in-top-third-at-jessup-competition,2822.html,2
2823,https://www.uclawsf.edu/2026/04/30/uc-law-sf-alumni-form-new-aapi-affinity-group-focused-on-community-and-connection,2823.html,2
2824,https://www.uclawsf.edu/category/focus-on/alumni,2824.html,2
2825,https://www.uclawsf.edu/2026/04/29/uc-law-sf-launches-the-half-century-club-honoring-alumni-50-years-out,2825.html,2
2826,https://www.uclawsf.edu/2026/04/28/san-francisco-state-university-partners-with-uc-law-san-francisco-to-expand-downtown-presence,2826.html,2
2827,https://www.uclawsf.edu/category/academic-village,2827.html,2
2828,https://www.uclawsf.edu/2026/04/27/prof-jeffrey-lefstin-vanguard-award-winner-in-ip-addresses-patents-in-an-era-of-transformation,2828.html,2
2829,https://www.uclawsf.edu/category/focus-on/faculty,2829.html,2
2830,https://www.uclawsf.edu/2026/04/22/cbl-scholars-program-opens-pathways-to-business-law-careers,2830.html,2
2831,https://www.uclawsf.edu/2026/04/21/emeritus-professor-richard-marcus-honored-by-peers-colleagues-and-former-students,2831.html,2
2832,https://www.uclawsf.edu/2026/04/20/3l-emily-cole-co-authors-research-shaping-policy-on-naturalization-and-civic-engagement,2832.html,2
2833,https://www.uclawsf.edu/2026/04/16/3l-juan-herrera-hones-legal-and-advocacy-skills-in-the-in-house-immigrants-rights-clinic,2833.html,2
2834,https://www.uclawsf.edu/2026/04/15/kristin-07-and-tom-sverchek-launch-new-scholarships-to-support-future-leaders-in-tech-and-innovation-law,2834.html,2
2835,https://www.uclawsf.edu/category/into-the-future,2835.html,2
2836,https://www.uclawsf.edu/2026/04/14/in-house-compliance-work-at-visa-prepares-3l-nada-zohayr-for-practice,2836.html,2
2837,https://www.uclawsf.edu/2026/04/13/lexlab-program-prepares-lawyers-for-the-frontlines-of-ai-policy-and-practice,2837.html,2
2838,https://www.uclawsf.edu/category/technology-and-innovation,2838.html,2
2839,https://www.uclawsf.edu/2026/04/09/3l-rachel-sadler-charts-path-in-brain-health-technology-and-policy-through-uc-law-sfs-health-law-concentration,2839.html,2
2840,https://www.uclawsf.edu/2026/04/07/3l-skyler-kretz-prepares-for-securities-litigation-career-with-sec-attorneys-through-uc-law-ucdc-program,2840.html,2
2841,https://www.uclawsf.edu/category/at-uc-law-sf/events,2841.html,2
2842,https://www.uclawsf.edu/2026/03/31/airbnb-externship-shows-3l-isabel-samayoa-how-legal-strategy-drives-business-growth,2842.html,2
2843,https://www.uclawsf.edu/2026/03/30/rutter-award-recognizes-prof-matt-coles-for-guiding-students-with-lessons-from-storied-advocacy-career,2843.html,2
2844,https://www.uclawsf.edu/2026/03/25/3l-william-kunkle-builds-advocacy-skills-and-career-path-through-uc-law-sfs-appellate-project,2844.html,2
2845,https://www.uclawsf.edu/2026/03/18/national-legal-masters-conference-at-uc-law-sf-highlights-growing-demand-for-professionals-with-legal-training,2845.html,2
2846,https://www.uclawsf.edu/2026/03/17/working-inside-a-global-wine-company-helps-3l-katrina-simons-explore-in-house-legal-careers,2846.html,2
2847,https://www.uclawsf.edu/2026/03/13/3l-cayden-lumbad-builds-policy-and-legislative-skills-through-government-law-concentration,2847.html,2
2848,https://www.uclawsf.edu/2026/03/11/uc-law-sf-honors-alums-myell-mergaert-20-and-james-wagstaffe-80-for-contributions-to-law-and-education,2848.html,2
2849,https://www.uclawsf.edu/2026/03/09/hands-on-client-advocacy-work-prepares-3l-yingting-xu-for-practice,2849.html,2
2850,https://www.youvisit.com/,2850.html,2
2851,https://academe198sf.com/,2851.html,2
2852,https://academicvillagesf.com/,2852.html,2
2853,https://www.uclawsf.edu/legal-expertise-in-the-news/ ,2853.html,2
2854,https://www.uclawsf.edu/2025/05/29/recent-faculty-scholarship-and-engagement,2854.html,2
2855,https://www.sfchronicle.com/sf/article/trump-venezuela-bay-area-reaction-21274386.php,2855.html,2
2856,https://www.uclawsf.edu/event/crash-course-in-legal-research-on-zoom,2856.html,2
2857,https://www.uclawsf.edu/our-story/board-of-directors,2857.html,2
2858,https://www.uclawsf.edu/building-hours,2858.html,2
2859,https://www.uclawsf.edu/map-directions,2859.html,2
2860,https://www.uclawsf.edu/human-resources/working-at-uclawsf,2860.html,2
2861,https://www.uclawsf.edu/anti-discrimination-harassment,2861.html,2
2862,https://www.uclawsf.edu/offices-and-services,2862.html,2
2863,https://www.uclawsf.edu/accessibility,2863.html,2
2864,https://www.uclawsf.edu/privacy-policy,2864.html,2
2865,https://uclawsf--simpplr.vf.force.com/apex/simpplr__app?u=/,2865.html,2
2866,https://www.office.com/,2866.html,2
2867,https://www.uclawsf.edu/selfservice,2867.html,2
2868,https://uchastings.instructure.com/,2868.html,2
2869,https://uchastings.zoom.us/,2869.html,2
2870,https://app.adaptibar.com/landing/sign-in,2870.html,2
2871,https://ucpath.universityofcalifornia.edu/,2871.html,2
2872,https://www.uclawsf.edu/offices-and-services/news-and-media-relations,2872.html,2
2873,https://ucnature.org/,2873.html,2
2874,https://ucnature.org/contact-us,2874.html,2
2875,https://ucnature.org/about-us,2875.html,2
2876,https://ucnrs.org/for-staff,2876.html,2
2877,https://ucnrs.org/find-a-reserve,2877.html,2
2878,https://ucnrs.org/research,2878.html,2
2879,https://ucnrs.org/teaching,2879.html,2
2880,https://ucnrs.org/public-service,2880.html,2
2881,https://ucnrs.org/information,2881.html,2
2882,https://ucnrs.org/give-now,2882.html,2
2883,https://rams.ucnature.org/,2883.html,2
2884,https://ucnrs.org/subscribe-to-our-monthly-newsletter,2884.html,2
2885,https://ucnature.org/uc-nature-symposium-celebrates-60-years-of-the-natural-reserve-system,2885.html,2
2886,https://ucnature.org/introducing-uc-nature,2886.html,2
2887,https://ucnature.org/global-strategies-to-protect-seals-and-sea-lions-from-avian-influenza,2887.html,2
2888,https://ucnature.org/news-archive,2888.html,2
2889,https://ucnature.org/teaching/cec,2889.html,2
2890,https://ucnature.org/teaching,2890.html,2
2891,https://ucnature.org/public-service,2891.html,2
2892,https://www.ucop.edu/research-innovation,2892.html,2
2893,https://www.ucop.edu/research-innovation/index.html,2893.html,2
2894,https://ucnature.org/subscribe-to-our-monthly-newsletter,2894.html,2
2895,https://ucnature.org/find-a-reserve/by-name,2895.html,2
2896,https://ucnature.org/find-a-reserve/by-campus,2896.html,2
2897,https://ucnature.org/find-a-reserve/by-specifications,2897.html,2
2898,https://ucnature.org/find-a-reserve/sister-reserves,2898.html,2
2899,https://rams.ucnrs.org/,2899.html,2
2900,https://ucnature.org/reserves/pdf-waivers,2900.html,2
2901,https://ucnature.org/find-a-reserve/reserve-system-map,2901.html,2
2902,https://ucnature.org/find-a-reserve/ecosystems,2902.html,2
2903,https://ucnature.org/find-a-reserve/facilities,2903.html,2
2904,https://ucnature.org/find-a-reserve/reserve-establishment-timeline,2904.html,2
2905,https://ucnature.org/find-a-reserve/growth,2905.html,2
2906,https://ucnrs.org/research/multi-reserve-research-projects,2906.html,2
2907,https://ucnrs.org/research/multi-reserve-research-projects/national-research-efforts,2907.html,2
2908,https://ucnrs.org/research/student-research-funding/mathias-grant,2908.html,2
2909,https://ucnrs.org/research/student-research-funding,2909.html,2
2910,https://ucnrs.org/research/field-science-fellowship,2910.html,2
2911,https://ucnrs.org/research/research-resources,2911.html,2
2912,https://ucnrs.org/research/research-resources/bibliographic-database,2912.html,2
2913,https://ucnrs.org/research/research-resources/nrs-weather-station-database,2913.html,2
2914,https://ucnrs.org/research/research-resources/reserve-doi,2914.html,2
2915,https://ucnrs.org/research/research-resources/search-reserve-research,2915.html,2
2916,https://ucnature.org/research/research-resources/species-records,2916.html,2
2917,https://ucnrs.org/research/research-resources/gis-database,2917.html,2
2918,https://ucnrs.org/research/research-resources/data-management-tools,2918.html,2
2919,https://ucnrs.org/teaching/cec,2919.html,2
2920,https://ucnrs.org/public-service/biosphere-reserves,2920.html,2
2921,https://cabiodiversitynetwork.org/,2921.html,2
2922,https://calnat.ucanr.edu/,2922.html,2
2923,https://ucnrs.org/public-service/citizen-science,2923.html,2
2924,https://ucnature.org/public-service/community-leadership,2924.html,2
2925,https://ucnature.org/k-12-environmental-education,2925.html,2
2926,https://ucnature.org/mediterranean-climate-ecosystems,2926.html,2
2927,https://ucnature.org/public-service/public-access-events,2927.html,2
2928,https://ucnature.org/for-staff,2928.html,2
2929,https://ucnature.org/for-staff/administrative-handbook,2929.html,2
2930,https://ucnature.org/wp-login.php?redirect_to=https%3A%2F%2Fucnature.mystagingwebsite.com%2Ffor-staff%2F,2930.html,2
2931,https://ucnrs.org/news-archive,2931.html,2
2932,https://ucnrs.org/information/nrs-newsletter-archives,2932.html,2
2933,https://ucnrs.org/nrs-photo-archive,2933.html,2
2934,https://ucnrs.org/information/printable-publications,2934.html,2
2935,https://ucnrs.org/information/videos,2935.html,2
2936,https://ucnature.org/use-data,2936.html,2
2937,https://ucnature.org/land-acknowledgement,2937.html,2
2938,https://ucnature.org/media/nrs-books,2938.html,2
2939,https://ucnature.org/search,2939.html,2
2940,https://ucnature.org/history,2940.html,2
2941,https://ucnrs.org/contact-us,2941.html,2
2942,https://ucnature.org/jobs,2942.html,2
2943,https://ucnature.org/privacy-policy,2943.html,2
2944,https://www.facebook.com/universityofcalifornianature,2944.html,2
2945,https://www.instagram.com/universityofcalifornianature,2945.html,2
2946,https://www.youtube.com/@ucnature/videos,2946.html,2
2947,https://ucop.edu/index.html,2947.html,2
2948,https://ucop.edu/directory-search/index.php,2948.html,2
2949,https://www.universityofcalifornia.edu/news/uc-scholars-and-alumni-elected-american-academy-arts-and-sciences?utm_source=ucop-homepage&utm_medium=carousel&utm_campaign=honors-awards,2949.html,2
2950,https://www.universityofcalifornia.edu/news/fight-protect-california-science-starts-now?utm_source=ucop-homepage&utm_medium=carousel&utm_campaign=research,2950.html,2
2951,https://www.universityofcalifornia.edu/news/4-uc-scientists-honored-oscars-science-2026-breakthrough-prizes?utm_source=ucop-homepage&utm_medium=carousel&utm_campaign=honors-awards,2951.html,2
2952,https://www.ucop.edu/academic-affairs/index.html,2952.html,2
2953,https://www.ucop.edu/faculty-affairs-academic-programs/index.html,2953.html,2
2954,https://www.ucop.edu/graduate-undergraduate-equity-affairs//index.html,2954.html,2
2955,https://www.ucop.edu/institutional-research-academic-planning//index.html,2955.html,2
2956,https://www.ucop.edu/academic-personnel-programs/index.html,2956.html,2
2957,https://www.ucop.edu/ethics-compliance-audit-services/index.html,2957.html,2
2958,https://ucop.edu/external-relations-communications/index.html,2958.html,2
2959,https://www.ucop.edu/communications/index.html,2959.html,2
2960,https://www.ucop.edu/federal-governmental-relations/index.html,2960.html,2
2961,https://ucop.edu/institutional-advancement/index.html,2961.html,2
2962,https://ucop.edu/state-governmental-relations/index.html,2962.html,2
2963,https://www.ucop.edu/civil-rights/index.html,2963.html,2
2964,https://www.ucop.edu/disability-rights/index.html,2964.html,2
2965,https://www.ucop.edu/title-ix//index.html,2965.html,2
2966,https://www.ucop.edu/finance-office/index.html,2966.html,2
2967,https://www.ucop.edu/operating-budget/index.html,2967.html,2
2968,https://www.ucop.edu/capital-programs-energy-sustainability/index.html,2968.html,2
2969,https://www.ucop.edu/finance/index.html,2969.html,2
2970,https://www.ucop.edu/procurement-services/index.html,2970.html,2
2971,https://www.ucop.edu/risk-services/index.html,2971.html,2
2972,https://www.ucop.edu/uc-controller/index.html,2972.html,2
2973,https://www.ucop.edu/investment-office/index.html,2973.html,2
2974,https://www.ucop.edu/uc-legal/index.html,2974.html,2
2975,https://www.ucop.edu/laboratory-management//index.html,2975.html,2
2976,https://www.ucop.edu/uc-operations/index.html,2976.html,2
2977,https://www.ucop.edu/information-technology-services/index.html,2977.html,2
2978,https://www.ucop.edu/culture-inclusive-excellence,2978.html,2
2979,https://www.ucop.edu/human-resources/index.html,2979.html,2
2980,https://ucop.edu/systemwide-shared-services/index.html,2980.html,2
2981,https://www.ucop.edu/uc-operations/systemwide-community-safety/index.html,2981.html,2
2982,https://ucop.edu/spmo/index.html,2982.html,2
2983,https://www.ucop.edu/ucop-operations/index.html,2983.html,2
2984,https://www.ucop.edu/uc-health/index.html,2984.html,2
2985,https://www.ucop.edu/strategic-framework/index.html?utm_source=ucop-featured,2985.html,2
2986,https://www.ucop.edu/uc-operations/systemwide-community-safety/index.html?utm_source=ucop-featured,2986.html,2
2987,https://www.ucop.edu/flexwork/index.html?utm_source=ucop-featured,2987.html,2
2988,https://www.ucop.edu/ombuds/index.html?utm_source=ucop-featured,2988.html,2
2989,https://www.ucop.edu/institutional-research-academic-planning/content-analysis/index.html?utm_source=ucop-featured,2989.html,2
2990,https://www.ucop.edu/academic-personnel-programs/index.html?utm_source=ucop-featured,2990.html,2
2991,https://policy.ucop.edu/manuals/personnel-policies-for-staff-members.html?utm_source=ucop-featured,2991.html,2
2992,https://policy.ucop.edu/index.html?utm_source=ucop-featured,2992.html,2
2993,https://www.ucop.edu/electronic-accessibility/index.html?utm_source=ucop-featured,2993.html,2
2994,https://facilitiesmanual.ucop.edu/?utm_source=ucop-featured,2994.html,2
2995,https://www.universityofcalifornia.edu/get-involved/stand-up-for-uc?utm_source=ucop-cta,2995.html,2
2996,https://www.universityofcalifornia.edu/federal-updates?utm_source=ucop-cta,2996.html,2
2997,https://www.ucop.edu/president/index.html,2997.html,2
2998,https://www.ucop.edu/navigating-ucop/resources/index.html?utm_source=ucop-staff-resources,2998.html,2
2999,https://link.ucop.edu/?utm_source=ucop-staff-resources,2999.html,2
3000,https://www.ucop.edu/ombuds/index.html?utm_source=ucop-staff-resources,3000.html,2
3001,https://www.ucop.edu/local-human-resources/index.html?utm_source=ucop-staff-resources,3001.html,2
3002,https://www.ucop.edu/local-human-resources/services/learning-development/index.html?utm_source=ucop-staff-resources,3002.html,2
3003,https://www.ucop.edu/staff-assembly/index.html?utm_source=ucop-staff-resources,3003.html,2
3004,https://ucpath.universityofcalifornia.edu/?utm_source=ucop-staff-resources,3004.html,2
3005,https://ucnet.universityofcalifornia.edu/?utm_source=ucop-staff-resources,3005.html,2
3006,https://www.ucdc.edu/donate,3006.html,2
3007,https://my.ucdc.edu/user/login?destination=/,3007.html,2
3008,https://www.ucdc.edu/about-ucdc,3008.html,2
3009,https://www.ucdc.edu/ucdc-staff,3009.html,2
3010,https://www.ucdc.edu/campus-coordinators,3010.html,2
3011,https://www.ucdc.edu/uc-federal-governmental-relations-fgr-team,3011.html,2
3012,https://www.ucdc.edu/governance,3012.html,2
3013,https://www.ucdc.edu/annual-reports,3013.html,2
3014,https://www.ucdc.edu/prospective-students,3014.html,2
3015,https://www.ucdc.edu/campus-programs,3015.html,2
3016,https://www.ucdc.edu/academic-calendars,3016.html,2
3017,https://www.ucdc.edu/paying-ucdc,3017.html,2
3018,https://www.ucdc.edu/ucdc-prep,3018.html,2
3019,https://www.ucdc.edu/internships,3019.html,2
3020,https://www.ucdc.edu/academics,3020.html,2
3021,https://www.ucdc.edu/about-center,3021.html,2
3022,https://www.ucdc.edu/building-directory,3022.html,2
3023,https://www.ucdc.edu/events,3023.html,2
3024,https://www.ucdc.edu/building-services,3024.html,2
3025,https://www.ucdc.edu/it-and-wifi-services,3025.html,2
3026,https://www.ucdc.edu/health-and-safety,3026.html,2
3027,https://www.ucdc.edu/host-intern,3027.html,2
3028,https://www.ucdc.edu/why-hire-ucdc-interns,3028.html,2
3029,https://www.ucdc.edu/information-employers,3029.html,2
3030,https://www.ucdc.edu/apartments-students,3030.html,2
3031,https://www.ucdc.edu/uc-staff-and-faculty,3031.html,2
3032,https://www.ucdc.edu/alumni,3032.html,2
3033,https://www.ucdc.edu/estimate-costs,3033.html,2
3034,https://www.ucdc.edu/scholarships,3034.html,2
3035,https://www.ucdc.edu/suip,3035.html,2
3036,https://www.ucdc.edu/basic-needs,3036.html,2
3037,https://www.ucdc.edu/finding-internship,3037.html,2
3038,https://www.ucdc.edu/past-internship-organizations,3038.html,2
3039,https://www.ucdc.edu/course-schedules,3039.html,2
3040,https://www.ucdc.edu/courses,3040.html,2
3041,https://www.ucdc.edu/curriculum,3041.html,2
3042,https://www.ucdc.edu/campus-articulations,3042.html,2
3043,https://www.ucdc.edu/event-space,3043.html,2
3044,https://www.ucdc.edu/reserve-room,3044.html,2
3045,https://www.ucdc.edu/frequently-asked-questions,3045.html,2
3046,https://www.ucdc.edu/guest-housing,3046.html,2
3047,https://www.ucdc.edu/submit-it-ticket,3047.html,2
3048,https://www.ucdc.edu/stafffaculty,3048.html,2
3049,https://www.ucdc.edu/it-policies,3049.html,2
3050,https://www.ucdc.edu/information-arriving-students,3050.html,2
3051,https://www.ucdc.edu/apartments,3051.html,2
3052,https://www.ucdc.edu/conduct-policies-procedures,3052.html,2
3053,https://www.ucdc.edu/advising-resources,3053.html,2
3054,https://www.ucdc.edu/faculty-opportunities,3054.html,2
3055,https://www.ucdc.edu/research-opportunities,3055.html,2
3056,https://www.ucdc.edu/alumni-networks,3056.html,2
3057,https://www.ucdc.edu/programs-and-initiatives,3057.html,2
3058,https://www.ucdc.edu/events/alumni-networking-night,3058.html,2
3059,https://forms.cloud.microsoft/r/yhk79KKMvx,3059.html,2
3060,https://www.ucdc.edu/events/graphic-novel-launch-and-discussion,3060.html,2
3061,https://ucdcevents.my.canva.site/landinginplace,3061.html,2
3062,https://www.ucdc.edu/emergency,3062.html,2
3063,https://www.ucdc.edu/career-opportunities,3063.html,2
3064,https://www.facebook.com/UCWashington,3064.html,2
3065,https://www.instagram.com/uc.dc,3065.html,2
3066,https://www.ucdc.edu/hazing-policy-and-transparency-report,3066.html,2
3067,https://www.universityofcalifornia.edu/press-room/bill-authorizing-23-billion-bond-fund-california-scientific-research-clears-key-senate,3067.html,2
3068,https://www.universityofcalifornia.edu/press-room/president-james-b-milliken-statement-board-regents-appointments-and-reappointments,3068.html,2
3069,https://ucannualwage.ucop.edu/wage,3069.html,2
3070,https://www.universityofcalifornia.edu/press-room/labor-negotiations,3070.html,2
3071,https://ucop.edu/institutional-research-academic-planning/content-analysis/ug-admissions/ug-data.html,3071.html,2
3072,https://www.universityofcalifornia.edu/press-room/uc-leaders-faculty-and-students-urge-lawmakers-fully-fund-university,3072.html,2
3073,https://www.universityofcalifornia.edu/press-room/university-california-senator-wiener-and-uaw-host-rally-california-science-support-sb,3073.html,2
3074,https://www.universityofcalifornia.edu/press-room/uc-expands-afscme-offer-address-affordability-nearly-33-pay-growth-and-lower-health,3074.html,2
3075,https://www.universityofcalifornia.edu/press-room/uc-highlights-323-pay-proposal-urges-continued-bargaining-following-afscme-strike-notice,3075.html,2
3076,https://www.universityofcalifornia.edu/press-room/uc-expands-afscme-offer-323-pay-growth-1000-bonuses-and-health-care-cost-caps,3076.html,2
3077,https://www.universityofcalifornia.edu/press-room/university-california-proposes-systemwide-pay-increases-medical-residents,3077.html,2
3078,https://www.universityofcalifornia.edu/press-room/bill-place-23-billion-bond-fund-scientific-research-california-november-ballot-clears,3078.html,2
3079,https://www.universityofcalifornia.edu/press-room/uc-and-uaw-reach-contract-agreements-academic-and-staff-employees,3079.html,2
3080,https://www.universityofcalifornia.edu/press-room/uc-and-uc-aft-begin-systemwide-contract-negotiations-instructional-faculty,3080.html,2
3081,https://www.universityofcalifornia.edu/press-room/uc-teamsters-local-2010-extend-contract-bargaining-progress-continues,3081.html,2
3082,https://www.universityofcalifornia.edu/press-room?page=0,3082.html,2
3083,https://www.universityofcalifornia.edu/press-room?page=1,3083.html,2
3084,https://www.universityofcalifornia.edu/press-room?page=2,3084.html,2
3085,https://www.universityofcalifornia.edu/press-room?page=3,3085.html,2
3086,https://www.universityofcalifornia.edu/press-room?page=65,3086.html,2
3087,https://www.ucop.edu/president/contact/index.html,3087.html,2
3088,https://org.ucdavis.edu/directory-search,3088.html,2
3089,https://directory.uci.edu/,3089.html,2
3090,https://www.directory.ucla.edu/,3090.html,2
3091,http://enterprisedirectory.ucr.edu/phone/tel_search.show,3091.html,2
3092,https://itsweb.ucsd.edu/directory/search,3092.html,2
3093,https://www.ucsc.edu/people,3093.html,2
3094,https://phonebook.lbl.gov/,3094.html,2
3095,https://www.llnl.gov/llnl_search/site,3095.html,2
3096,https://phonebook.lanl.gov/,3096.html,2
3097,https://www.ucop.edu/directory-search/index.html,3097.html,2
3098,https://www.ucop.edu/index.html,3098.html,2
3099,https://www.ucop.edu/systemwide-shared-services/index.html,3099.html,2
3100,https://senate.universityofcalifornia.edu/index.html,3100.html,2
3101,https://senate.universityofcalifornia.edu/about/index.html,3101.html,2
3102,https://senate.universityofcalifornia.edu/under-review/index.html,3102.html,2
3103,https://senate.universityofcalifornia.edu/assembly/index.html,3103.html,2
3104,https://senate.universityofcalifornia.edu/committees/index.html,3104.html,2
3105,https://senate.universityofcalifornia.edu/bylaws-regulations/index.html,3105.html,2
3106,https://senate.universityofcalifornia.edu/reports-recommendations/index.html,3106.html,2
3107,https://senate.universityofcalifornia.edu/newsletter/index.html,3107.html,2
3108,https://senate.universityofcalifornia.edu/resources/index.html,3108.html,2
3109,https://senate.universityofcalifornia.edu/in-memoriam/index.html,3109.html,2
3110,https://senate.universityofcalifornia.edu/contact-us/index.html,3110.html,2
3111,https://senate.universityofcalifornia.edu/about/vice-chair-bio.html,3111.html,2
3112,https://senate.universityofcalifornia.edu/resources/regents-remarks.html,3112.html,2
3113,https://chancellor.ucsf.edu/news/recognizing-uc-president-emeritus-michael-drake,3113.html,2
3114,https://senate.universityofcalifornia.edu/resources/divisional-sites.html,3114.html,2
3115,https://senate.universityofcalifornia.edu/resources/video-instructions.html,3115.html,2
3116,https://senate.universityofcalifornia.edu/about/oliver-johnson-award/index.html,3116.html,2
3117,https://www.ucop.edu/terms,3117.html,2
3118,https://twitter.com/UC_Newsroom,3118.html,2
3119,https://regents.universityofcalifornia.edu/index.html,3119.html,2
3120,https://regents.universityofcalifornia.edu/about/index.html,3120.html,2
3121,https://regents.universityofcalifornia.edu/about/members-and-advisors/index.html,3121.html,2
3122,https://regents.universityofcalifornia.edu/about/officers.html,3122.html,2
3123,https://regents.universityofcalifornia.edu/about/committees.html,3123.html,2
3124,https://regents.universityofcalifornia.edu/meetings/index.html,3124.html,2
3125,https://regents.universityofcalifornia.edu/meetings/past-meetings/index.html,3125.html,2
3126,https://regents.universityofcalifornia.edu/meetings/public-comment.html,3126.html,2
3127,https://regents.universityofcalifornia.edu/minutes-index/index.html,3127.html,2
3128,https://regents.universityofcalifornia.edu/minutes-index/archive/index.html,3128.html,2
3129,https://regents.universityofcalifornia.edu/governance/index.html,3129.html,2
3130,https://regents.universityofcalifornia.edu/governance/bylaws/index.html,3130.html,2
3131,https://regents.universityofcalifornia.edu/governance/standing-orders/index.html,3131.html,2
3132,https://regents.universityofcalifornia.edu/governance/policies/index.html,3132.html,2
3133,https://regents.universityofcalifornia.edu/innovation-awards/index.html,3133.html,2
3134,https://regents.universityofcalifornia.edu/innovation-awards/frequently-asked-questions.html,3134.html,2
3135,https://regents.universityofcalifornia.edu/innovation-awards/nomination-forms.html,3135.html,2
3136,https://regents.universityofcalifornia.edu/contact/index.html,3136.html,2
3137,https://regents.universityofcalifornia.edu/meetings/agendas/may26.html,3137.html,2
3138,https://www.universityofcalifornia.edu/news/university-of-california-best-public-university-2026-us-news-best-colleges-rankings,3138.html,2
3139,https://regents.universityofcalifornia.edu/accessibility.html,3139.html,2
3140,https://ucnet.universityofcalifornia.edu/public-notices,3140.html,2
3141,https://ucnet.universityofcalifornia.edu/compensation,3141.html,2
3142,https://ucnet.universityofcalifornia.edu/compensation/understanding-total-compensation,3142.html,2
